country,year,region1,shock,min_year
Argentina,1980,32050,2501.860199280083,1980
Argentina,1980,32094,1127.804326482117,1980
Argentina,1980,32018,1268.52646604646,1980
Argentina,1980,32058,1364.224091865122,1980
Argentina,1980,32062,2056.189942717552,1980
Argentina,1980,32022,1709.002962827682,1980
Argentina,1980,32082,2986.92589700222,1980
Argentina,1980,32030,1965.319736689329,1980
Argentina,1980,32006,3231.908214211464,1980
Argentina,1980,32038,1914.087966173887,1980
Argentina,1980,32090,1683.54850924015,1980
Argentina,1980,32066,1849.076496958733,1980
Argentina,1980,32026,2133.708684459329,1980
Argentina,1980,32042,2050.573972851038,1980
Argentina,1980,32034,1373.682654347271,1980
Argentina,1980,32010,1400.4463788867,1980
Argentina,1980,32070,1865.596365749836,1980
Argentina,1980,32002,2806.219959169626,1980
Argentina,1980,32086,1575.529510319233,1980
Argentina,1980,32078,1633.520895004272,1980
Argentina,1980,32054,1499.209758359939,1980
Argentina,1980,32074,1871.795376613736,1980
Argentina,1980,32046,1520.351061392576,1980
Argentina,1980,32014,2282.59733915329,1980
Benin,1992,204006,36572.16535872221,1992
Benin,1992,204008,1127.321934819221,1992
Benin,1992,204001,19956.71929317713,1992
Benin,1992,204011,19432.63674283028,1992
Benin,1992,204004,16342.98292821646,1992
Benin,1992,204010,8292.714046061039,1992
Benin,1992,204003,16153.92034971714,1992
Benin,1992,204005,27106.76294153929,1992
Benin,1992,204012,19736.61265540123,1992
Benin,1992,204002,29015.84914472699,1992
Benin,1992,204007,17228.00209718943,1992
Benin,1992,204009,23355.18192833662,1992
Bolivia,1992,68004,3982.55708116293,1992
Bolivia,1992,68009,10822.07795727253,1992
Bolivia,1992,68007,7040.24279319495,1992
Bolivia,1992,68003,9228.550552926958,1992
Bolivia,1992,68002,6896.432695157826,1992
Bolivia,1992,68001,14398.15298753977,1992
Bolivia,1992,68006,8554.384872056544,1992
Bolivia,1992,68008,5466.789907488972,1992
Bolivia,1992,68005,11715.85334540531,1992
Botswana,1981,72091,1307.600297927856,1981
Botswana,1981,72040,643.4421863555908,1981
Botswana,1981,72020,1727.099384307861,1981
Botswana,1981,72030,427.7043151855469,1981
Botswana,1981,72080,4433.18017578125,1981
Botswana,1981,72002,378.5891704559326,1981
Botswana,1981,72007,925.4127941131592,1981
Botswana,1981,72051,577.2702293395996,1981
Botswana,1981,72052,1859.01379776001,1981
Botswana,1981,72060,627.6442813873291,1981
Botswana,1981,72053,1494.358154296875,1981
Botswana,1981,72011,2783.892910003662,1981
Botswana,1981,72004,954.2299957275391,1981
Botswana,1981,72072,1818.740600585938,1981
Botswana,1981,72001,321.4025020599365,1981
Botswana,1981,72003,268.2720184326172,1981
Botswana,1981,72050,291.7566871643066,1981
Botswana,1981,72071,653.4007453918457,1981
Botswana,1981,72010,643.6540298461914,1981
Botswana,1981,72070,1944.912014007568,1981
Botswana,1981,72090,1517.780090332031,1981
Brazil,1960,76036,366.2710852362216,1960
Brazil,1960,76051,2520.98216792359,1960
Brazil,1960,76024,705.0811246109661,1960
Brazil,1960,76029,1332.430424988968,1960
Brazil,1960,76041,981.2085291948169,1960
Brazil,1960,76025,638.3781138053164,1960
Brazil,1960,76027,1036.388362966478,1960
Brazil,1960,76052,1903.38006462995,1960
Brazil,1960,76023,883.1615183024551,1960
Brazil,1960,76035,2649.588390626013,1960
Brazil,1960,76026,1161.913677880075,1960
Brazil,1960,76033,2105.000392366666,1960
Brazil,1960,76031,1749.309292203281,1960
Brazil,1960,76043,2451.44159267284,1960
Brazil,1960,76053,1028.097003193572,1960
Brazil,1960,76028,1351.160435013473,1960
Cambodia,1998,116008,284.0160844251513,1998
Cambodia,1998,116020,37.26984858140349,1998
Cambodia,1998,116010,160.0982018709183,1998
Cambodia,1998,116011,130.0073132514954,1998
Cambodia,1998,116002,196.1839969754219,1998
Cambodia,1998,116009,339.2962355017662,1998
Cambodia,1998,116015,141.9193397425115,1998
Cambodia,1998,116017,96.25834126584232,1998
Cambodia,1998,116003,146.6057418398559,1998
Cambodia,1998,116007,71.97407095134258,1998
Cambodia,1998,116023,35.51202295720577,1998
Cambodia,1998,116024,139.645827293396,1998
Cambodia,1998,116001,261.7718300633132,1998
Cambodia,1998,116006,87.95593300648034,1998
Cambodia,1998,116005,67.26660587312654,1998
Cambodia,1998,116004,173.2551978155971,1998
Cambodia,1998,116013,32.03152656555176,1998
Cambodia,1998,116019,111.3903307914734,1998
Cambodia,1998,116021,75.14522788953036,1998
Cambodia,1998,116016,89.65021660923958,1998
Cambodia,1998,116014,89.6114936619997,1998
Canada,1971,124048,10445.34978580475,1971
Canada,1971,124047,12236.3920712471,1971
Canada,1971,124010,4364.24397277832,1971
Canada,1971,124012,3889.469566345215,1971
Canada,1971,124035,3356.011477231979,1971
Canada,1971,124059,3655.592353820801,1971
Canada,1971,124046,6951.962975502014,1971
Canada,1971,124013,3154.679420471191,1971
Canada,1971,124024,2631.95534658432,1971
Chile,1982,152042,7650.403849296272,1982
Chile,1982,152136,8615.03325676918,1982
Chile,1982,152072,9913.028247237206,1982
Chile,1982,152141,7176.678059771657,1982
Chile,1982,152074,12149.15877594799,1982
Chile,1982,152121,6031.794649874792,1982
Chile,1982,152134,7068.846810552757,1982
Chile,1982,152081,1605.946236218093,1982
Chile,1982,152132,3686.31893645972,1982
Chile,1982,152083,8862.866872860119,1982
Chile,1982,152051,2286.874777890742,1982
Chile,1982,152101,8113.978708775714,1982
Chile,1982,152071,8171.211976686958,1982
Chile,1982,152043,10080.61790829524,1982
Chile,1982,152054,7931.850377336144,1982
Chile,1982,152133,11259.33367197216,1982
Chile,1982,152031,1972.893264494836,1982
Chile,1982,152033,4202.925754088908,1982
Chile,1982,152111,4918.698458634317,1982
Chile,1982,152131,1529.864379581297,1982
Chile,1982,152053,10242.98545013741,1982
Chile,1982,152124,3386.187310889363,1982
Chile,1982,152102,9791.598057458177,1982
Chile,1982,152151,4740.282852541655,1982
Chile,1982,152073,12507.27630510367,1982
Chile,1982,152032,278.2422409206629,1982
Chile,1982,152163,10691.80474304408,1982
Chile,1982,152041,3636.366888239514,1982
Chile,1982,152063,13088.04854513332,1982
Chile,1982,152112,6811.797330029309,1982
Chile,1982,152091,9279.745881553739,1982
Chile,1982,152103,7992.788007914089,1982
Chile,1982,152062,12171.54943478107,1982
Chile,1982,152092,8866.397190254182,1982
Chile,1982,152057,10332.47227665782,1982
Chile,1982,152082,7893.312778603286,1982
Chile,1982,152056,2605.551156155765,1982
Chile,1982,152014,1647.088228899986,1982
Chile,1982,152022,927.2679903805256,1982
Chile,1982,152023,1176.180951118469,1982
Chile,1982,152135,12537.58577422798,1982
Chile,1982,152021,526.750602863729,1982
Chile,1982,152061,10119.1831601318,1982
China,1982,156034,29231.70463550882,1982
China,1982,156053,33300.76010101824,1982
China,1982,156011,15895.17946017906,1982
China,1982,156035,23466.6986683961,1982
China,1982,156042,26356.75132979732,1982
China,1982,156065,25953.80750834569,1982
China,1982,156054,33569.91470128298,1982
China,1982,156031,14012.59687138721,1982
China,1982,156041,31521.3774402393,1982
China,1982,156022,18576.67060152814,1982
China,1982,156044,26453.98715420021,1982
China,1982,156015,23023.81963226898,1982
China,1982,156036,25866.72859420534,1982
China,1982,156051,31783.62492029555,1982
China,1982,156023,15938.46317225322,1982
China,1982,156062,32232.33178096358,1982
China,1982,156043,29511.67957131378,1982
China,1982,156014,26017.85524937604,1982
China,1982,156061,27233.5929447785,1982
China,1982,156012,16479.57537852973,1982
China,1982,156045,32092.28664603084,1982
China,1982,156033,21461.07818674576,1982
China,1982,156063,28033.66790933814,1982
China,1982,156064,28083.0750593124,1982
China,1982,156037,25087.68546895683,1982
China,1982,156032,23081.99114776216,1982
China,1982,156013,26028.79870718904,1982
China,1982,156052,33585.82540149614,1982
China,1982,156021,17032.58073404338,1982
Colombia,1973,170088,353.3852150440216,1973
Colombia,1973,170015,627.8894316107035,1973
Colombia,1973,170095,304.4362797141075,1973
Colombia,1973,170018,188.8201832175255,1973
Colombia,1973,170023,688.6794062964618,1973
Colombia,1973,170044,286.3546090945601,1973
Colombia,1973,170068,1102.866431223229,1973
Colombia,1973,170066,560.7934562247247,1973
Colombia,1973,170011,1124.290787704289,1973
Colombia,1973,170076,1032.918276935816,1973
Colombia,1973,170054,550.7364653367549,1973
Colombia,1973,170005,1094.3699035272,1973
Colombia,1973,170013,528.2791744284332,1973
Colombia,1973,170027,807.1850398480892,1973
Colombia,1973,170041,702.468450576067,1973
Colombia,1973,170019,765.8948958218098,1973
Colombia,1973,170081,276.0919994115829,1973
Colombia,1973,170086,675.2995145320892,1973
Colombia,1973,170052,1111.100157402456,1973
Colombia,1973,170008,835.319588245824,1973
Colombia,1973,170073,705.2527846731246,1973
Colombia,1973,170050,645.7385929971933,1973
Costa Rica,1984,188002,11912.68833958381,1984
Costa Rica,1984,188003,9337.40587508725,1984
Costa Rica,1984,188006,12854.99422118068,1984
Costa Rica,1984,188004,5795.367986972677,1984
Costa Rica,1984,188007,14218.81380847096,1984
Costa Rica,1984,188001,4612.329951020889,1984
Costa Rica,1984,188005,12304.51359812543,1984
Dominican Republic,1981,214020,6397.947352290154,1981
Dominican Republic,1981,214013,5033.688123524189,1981
Dominican Republic,1981,214008,7795.648131623864,1981
Dominican Republic,1981,214011,4857.786751836538,1981
Dominican Republic,1981,214017,5423.85701263696,1981
Dominican Republic,1981,214007,10216.53107567132,1981
Dominican Republic,1981,214024,6237.325814090669,1981
Dominican Republic,1981,214022,7813.37046456337,1981
Dominican Republic,1981,214002,8569.996074289083,1981
Dominican Republic,1981,214005,6326.395880877972,1981
Dominican Republic,1981,214018,4418.929554246366,1981
Dominican Republic,1981,214027,3598.872902184725,1981
Dominican Republic,1981,214023,2878.658813714981,1981
Dominican Republic,1981,214003,4764.549970448017,1981
Dominican Republic,1981,214016,5569.66766256094,1981
Dominican Republic,1981,214019,5985.885531850159,1981
Dominican Republic,1981,214014,4618.294661417603,1981
Dominican Republic,1981,214021,5912.504596084356,1981
Dominican Republic,1981,214026,7216.216226384044,1981
Dominican Republic,1981,214001,1597.962848782539,1981
Dominican Republic,1981,214006,5654.937874883413,1981
Dominican Republic,1981,214015,6128.095644339919,1981
Dominican Republic,1981,214009,5759.926817148924,1981
Ethiopia,1994,231001,19167.72494592797,1994
Ethiopia,1994,231012,15130.98601321131,1994
Ethiopia,1994,231004,12150.82958573612,1994
Ethiopia,1994,231014,1266.344190473814,1994
Ethiopia,1994,231015,4774.403596848249,1994
Ethiopia,1994,231006,22177.48694074526,1994
Ethiopia,1994,231002,36158.91820971668,1994
Ethiopia,1994,231003,12795.91982027842,1994
Ethiopia,1994,231013,7185.317749023438,1994
Ethiopia,1994,231007,7717.157250832883,1994
France,1982,250082,4994.357037365437,1982
France,1982,250043,5489.457160174847,1982
France,1982,250024,6500.700607895851,1982
France,1982,250011,3164.280027963221,1982
France,1982,250053,6255.358811616898,1982
France,1982,250093,2591.802587985992,1982
France,1982,250054,6104.026575122029,1982
France,1982,250023,6009.01793445833,1982
France,1982,250052,6621.572330713272,1982
France,1982,250074,6818.66825696826,1982
France,1982,250026,6097.589824438095,1982
France,1982,250041,3899.103481471539,1982
France,1982,250083,8666.773699760437,1982
France,1982,250021,5722.708699166775,1982
France,1982,250031,3941.696562796831,1982
France,1982,250072,5682.440227016807,1982
France,1982,250073,5491.778833210468,1982
France,1982,250091,4103.574291348457,1982
France,1982,250025,7025.47488098871,1982
France,1982,250022,6378.928514838219,1982
France,1982,250042,4811.26109495014,1982
Ghana,2000,288001,1068.346551239491,2000
Ghana,2000,288004,951.336089849472,2000
Ghana,2000,288002,1105.873483538628,2000
Ghana,2000,288006,1398.286298751831,2000
Ghana,2000,288007,776.5363246798515,2000
Ghana,2000,288009,889.0091861486435,2000
Ghana,2000,288005,1189.747227668762,2000
Ghana,2000,288008,779.3587622642517,2000
Ghana,2000,288010,800.5823074579239,2000
Ghana,2000,288003,1647.462726831436,2000
Guinea,1983,324033,27476.55873012543,1983
Guinea,1983,324053,27159.81183665991,1983
Guinea,1983,324043,21245.75462055206,1983
Guinea,1983,324034,27741.5668182373,1983
Guinea,1983,324063,33026.1640625,1983
Guinea,1983,324014,21643.45371389389,1983
Guinea,1983,324044,27184.22748565674,1983
Guinea,1983,324083,15986.50359416008,1983
Guinea,1983,324015,28961.91518762708,1983
Guinea,1983,324031,32659.02606612444,1983
Guinea,1983,324062,22328.06667995453,1983
Guinea,1983,324011,13940.89692848921,1983
Guinea,1983,324032,30770.16792365909,1983
Guinea,1983,324065,22223.794921875,1983
Guinea,1983,324054,25142.02819633484,1983
Guinea,1983,324045,26089.1059179306,1983
Guinea,1983,324051,24500.29686939716,1983
Guinea,1983,324021,1143.04404270649,1983
Guinea,1983,324061,33830.87162125111,1983
Guinea,1983,324072,23141.124766469,1983
Guinea,1983,324073,16502.13054025173,1983
Guinea,1983,324071,32674.23316764832,1983
Guinea,1983,324042,24665.32471942902,1983
Guinea,1983,324082,27628.08602011204,1983
Guinea,1983,324085,27826.43723249435,1983
Guinea,1983,324064,34018.35837572813,1983
Guinea,1983,324055,32998.27710241079,1983
Guinea,1983,324081,29753.83302986622,1983
Guinea,1983,324084,20147.0341424942,1983
Guinea,1983,324012,22494.26192599535,1983
Guinea,1983,324041,14954.36257314682,1983
Guinea,1983,324086,33786.41937661171,1983
Guinea,1983,324013,18652.73590624332,1983
Ireland,1986,372003,2467.244988381863,1986
Ireland,1986,372006,1829.368267133832,1986
Ireland,1986,372004,2648.487696319818,1986
Ireland,1986,372001,2074.92234416306,1986
Ireland,1986,372002,2321.535440273583,1986
Ireland,1986,372008,2277.914820641279,1986
Laos,1995,418017,30519.0310716629,1995
Laos,1995,418002,34325.39565992355,1995
Laos,1995,418005,34401.67747652531,1995
Laos,1995,418013,32797.35760645568,1995
Laos,1995,418015,31940.98156929016,1995
Laos,1995,418018,33565.60176277161,1995
Laos,1995,418003,33616.18232291937,1995
Laos,1995,418009,32378.46288120747,1995
Laos,1995,418007,34436.13335445523,1995
Laos,1995,418012,32391.66775146127,1995
Laos,1995,418011,31670.88233157992,1995
Laos,1995,418008,32664.06472437084,1995
Laos,1995,418004,34209.69269961119,1995
Laos,1995,418016,30711.02212585881,1995
Laos,1995,418001,14374.28271275759,1995
Laos,1995,418006,31756.0190278627,1995
Laos,1995,418014,36510.30120432377,1995
Laos,1995,418010,27762.34322800487,1995
Malawi,1987,454303,27936.67888760567,1987
Malawi,1987,454207,33281.56798934937,1987
Malawi,1987,454204,35327.63576716185,1987
Malawi,1987,454101,29183.30769181252,1987
Malawi,1987,454313,33865.35753977299,1987
Malawi,1987,454309,31695.18647408485,1987
Malawi,1987,454302,31275.40084195137,1987
Malawi,1987,454203,35546.43137335777,1987
Malawi,1987,454103,26566.64267802238,1987
Malawi,1987,454311,26404.77529585361,1987
Malawi,1987,454209,29346.54585242271,1987
Malawi,1987,454301,29337.33016702533,1987
Malawi,1987,454305,11471.57980442047,1987
Malawi,1987,454104,27719.41086244583,1987
Malawi,1987,454202,25670.92360186577,1987
Malawi,1987,454208,31207.29445743561,1987
Malawi,1987,454102,29135.7493622303,1987
Malawi,1987,454205,29298.5338602066,1987
Malawi,1987,454310,32465.0497609973,1987
Malawi,1987,454304,29671.9478085041,1987
Malawi,1987,454307,29497.19403326511,1987
Malawi,1987,454105,27200.8456838727,1987
Malawi,1987,454201,30676.54885828495,1987
Malawi,1987,454206,26201.74533319473,1987
Malawi,1987,454312,34552.11873042583,1987
Malawi,1987,454308,29656.90584021807,1987
Mali,1987,466004,27210.44940185547,1987
Mali,1987,466001,36969.77558898926,1987
Mali,1987,466005,28545.70306587219,1987
Mali,1987,466006,20870.67376327515,1987
Mali,1987,466009,2640.749389648438,1987
Mali,1987,466099,25100.93531036377,1987
Mali,1987,466007,17655.69123458862,1987
Mali,1987,466002,31661.82448196411,1987
Mali,1987,466003,35286.1004447937,1987
Mauritius,1990,480013,4112.136838912964,1990
Mauritius,1990,480020,8460.00390625,1990
Mauritius,1990,480014,6308.717128753662,1990
Mauritius,1990,480012,3227.33935546875,1990
Mauritius,1990,480015,6532.070370197296,1990
Mauritius,1990,480016,7696.2626953125,1990
Mauritius,1990,480011,457.1784057617188,1990
Mauritius,1990,480018,6036.82666015625,1990
Mauritius,1990,480019,5078.915843963623,1990
Mauritius,1990,480017,1359.036625429988,1990
Mexico,1990,484018,9025.108010739088,1990
Mexico,1990,484027,7828.01075717248,1990
Mexico,1990,484019,6342.625904103741,1990
Mexico,1990,484032,8174.296814079396,1990
Mexico,1990,484004,7141.111039682291,1990
Mexico,1990,484011,7521.29954104952,1990
Mexico,1990,484021,11430.71084308065,1990
Mexico,1990,484013,9642.570633730385,1990
Mexico,1990,484029,8367.363193660975,1990
Mexico,1990,484023,5653.189412027597,1990
Mexico,1990,484022,8906.74326883303,1990
Mexico,1990,484028,8945.357375386637,1990
Mexico,1990,484008,10108.66729197931,1990
Mexico,1990,484010,7468.87131855078,1990
Mexico,1990,484016,7336.358550997917,1990
Mexico,1990,484017,8145.056413367391,1990
Mexico,1990,484003,5495.672009974718,1990
Mexico,1990,484030,9188.734295724891,1990
Mexico,1990,484007,13133.68208367843,1990
Mexico,1990,484001,7879.831471697427,1990
Mexico,1990,484015,6578.343357947771,1990
Mexico,1990,484002,7206.266384292394,1990
Mexico,1990,484026,8564.663744006306,1990
Mexico,1990,484006,6618.530524253845,1990
Mexico,1990,484020,11120.57630999619,1990
Mexico,1990,484005,8032.887501618825,1990
Mexico,1990,484031,7870.549903859384,1990
Mexico,1990,484025,8330.377271730453,1990
Mexico,1990,484014,6216.016427785158,1990
Mexico,1990,484024,8358.196413684636,1990
Mexico,1990,484009,4196.955216503236,1990
Mexico,1990,484012,7349.998187469319,1990
Philippines,1990,608010,2727.445053664967,1990
Philippines,1990,608025,5052.658787019551,1990
Philippines,1990,608001,1146.177978876978,1990
Philippines,1990,608016,5376.291997484863,1990
Philippines,1990,608073,4235.566518553533,1990
Philippines,1990,608033,2461.49275554443,1990
Philippines,1990,608008,2456.64272210584,1990
Philippines,1990,608074,1711.836092120997,1990
Philippines,1990,608054,1959.427808872424,1990
Philippines,1990,608020,1769.966889858246,1990
Philippines,1990,608018,2362.618337735534,1990
Philippines,1990,608014,2179.133202658733,1990
Philippines,1990,608027,2781.539705842733,1990
Philippines,1990,608061,6671.098568469286,1990
Philippines,1990,608045,2476.818334648386,1990
Philippines,1990,608012,2190.107103515416,1990
Philippines,1990,608050,2389.772721434012,1990
Philippines,1990,608035,3466.772078692913,1990
Philippines,1990,608004,1971.309574455023,1990
Philippines,1990,608036,4267.955894773826,1990
Philippines,1990,608069,1558.756683342159,1990
Philippines,1990,608019,2134.087955744937,1990
Philippines,1990,608043,3119.375958681107,1990
Philippines,1990,608060,2851.259430531412,1990
Philippines,1990,608064,1887.849135003984,1990
Philippines,1990,608051,2277.861568294466,1990
Philippines,1990,608022,3879.212896876968,1990
Philippines,1990,608046,5379.743081500754,1990
Philippines,1990,608067,3044.346749367192,1990
Philippines,1990,608042,4111.158287592232,1990
Philippines,1990,608049,1764.661613933014,1990
Philippines,1990,608071,1574.190722089494,1990
Philippines,1990,608007,1064.954130005091,1990
Philippines,1990,608017,2856.586114373058,1990
Philippines,1990,608055,2177.638834527461,1990
Philippines,1990,608011,4447.521768465638,1990
Philippines,1990,608040,2007.671151332557,1990
Philippines,1990,608068,2453.140937525779,1990
Philippines,1990,608062,1729.379935661331,1990
Philippines,1990,608037,2763.185686064884,1990
Philippines,1990,608057,2500.552416995168,1990
Philippines,1990,608021,2489.694275020622,1990
Philippines,1990,608059,2150.828750573099,1990
Philippines,1990,608063,3838.987675041892,1990
Philippines,1990,608047,5682.508078016341,1990
Philippines,1990,608005,3454.035751571879,1990
Philippines,1990,608048,1685.410988716409,1990
Philippines,1990,608015,2589.060361687792,1990
Philippines,1990,608029,1698.103476149088,1990
Philippines,1990,608028,1364.417473032547,1990
Philippines,1990,608034,2722.233925136738,1990
Philippines,1990,608053,1652.565176859498,1990
Philippines,1990,608032,1657.823514025658,1990
Philippines,1990,608006,1878.361207444221,1990
Philippines,1990,608039,2606.923641651869,1990
Philippines,1990,608024,4753.15406063851,1990
Philippines,1990,608075,2010.538985052568,1990
Philippines,1990,608077,1606.12830299139,1990
Philippines,1990,608026,1447.221767153591,1990
Philippines,1990,608044,2051.175120420754,1990
Philippines,1990,608031,2971.809303478221,1990
Philippines,1990,608052,2711.074717417359,1990
Philippines,1990,608056,2787.73373814486,1990
Philippines,1990,608013,7381.425073951483,1990
Philippines,1990,608065,2713.202696919441,1990
Philippines,1990,608023,4465.167629014701,1990
Philippines,1990,608066,1072.346371620893,1990
Philippines,1990,608070,814.9759969115257,1990
Philippines,1990,608041,5423.930095400661,1990
Philippines,1990,608072,4507.146025599912,1990
Philippines,1990,608058,2422.013088157808,1990
Philippines,1990,608076,1958.273832564708,1990
Philippines,1990,608002,3660.682197362185,1990
Philippines,1990,608030,1880.138580944389,1990
Philippines,1990,608003,4489.349544938654,1990
Puerto Rico,2000,630082,2795.627175336238,2000
Puerto Rico,2000,630081,3379.614316968247,2000
Puerto Rico,2000,630084,2147.983423437923,2000
Puerto Rico,2000,630080,3987.269681190606,2000
Puerto Rico,2000,630079,3904.558181516826,2000
Puerto Rico,2000,630083,1723.468038594816,2000
Puerto Rico,2000,630085,3027.608923931606,2000
Romania,1992,642015,7500.936877802014,1992
Romania,1992,642002,3034.059353947639,1992
Romania,1992,642024,4170.015645682812,1992
Romania,1992,642014,16184.93026393652,1992
Romania,1992,642017,3591.020721957088,1992
Romania,1992,642005,8411.580866746604,1992
Romania,1992,642028,4733.82579600811,1992
Romania,1992,642039,1753.978588759899,1992
Romania,1992,642004,5517.345130592585,1992
Romania,1992,642009,2726.413323357701,1992
Romania,1992,642018,3435.868519961834,1992
Romania,1992,642007,1790.227712228894,1992
Romania,1992,642019,2989.225901454687,1992
Romania,1992,642010,3644.021783411503,1992
Romania,1992,642051,3161.537558481097,1992
Romania,1992,642011,2240.06127256155,1992
Romania,1992,642031,3302.976036906242,1992
Romania,1992,642037,1306.667851537466,1992
Romania,1992,642012,4970.953369498253,1992
Romania,1992,642026,4326.378876559436,1992
Romania,1992,642034,3880.457579866052,1992
Romania,1992,642043,8058.170240078121,1992
Romania,1992,642022,4283.09779074043,1992
Romania,1992,642006,2307.999136209488,1992
Romania,1992,642030,4093.23745033145,1992
Romania,1992,642020,2509.355934560299,1992
Romania,1992,642008,16358.4692042917,1992
Romania,1992,642032,17558.5275259614,1992
Romania,1992,642003,34495.80224099755,1992
Romania,1992,642013,3390.635853730142,1992
Romania,1992,642016,6199.78923548758,1992
Romania,1992,642033,2253.962693631649,1992
Romania,1992,642038,3819.544218301773,1992
Romania,1992,642025,1765.96024915576,1992
Romania,1992,642029,5454.458905480802,1992
Romania,1992,642027,3055.297365009785,1992
Romania,1992,642035,4435.140815526247,1992
Romania,1992,642036,2249.699417471886,1992
Romania,1992,642001,2824.621346235275,1992
Rwanda,2002,646003,2020.445543043315,2002
Rwanda,2002,646004,1078.568815298378,2002
Rwanda,2002,646008,1439.065268483013,2002
Rwanda,2002,646007,3068.913588836789,2002
Rwanda,2002,646005,2095.118393197656,2002
Rwanda,2002,646006,1211.632621854544,2002
Rwanda,2002,646002,1252.534178301692,2002
Rwanda,2002,646009,1763.403136670589,2002
Senegal,1988,686001,782.8044174965471,1988
Senegal,1988,686006,21778.35103392601,1988
Senegal,1988,686004,10658.56513550878,1988
Senegal,1988,686005,23011.47960478067,1988
Senegal,1988,686002,13644.5216480419,1988
Senegal,1988,686004,10658.56513550878,1988
Senegal,1988,686006,21778.35103392601,1988
Senegal,1988,686010,25091.60135385394,1988
Senegal,1988,686003,14244.01903008297,1988
Senegal,1988,686010,25091.60135385394,1988
Senegal,1988,686003,14244.01903008297,1988
Senegal,1988,686007,12184.30660469458,1988
Senegal,1988,686002,13644.5216480419,1988
Senegal,1988,686007,12184.30660469458,1988
Senegal,1988,686001,782.8044174965471,1988
Senegal,1988,686005,23011.47960478067,1988
United States,1960,840032,2901.557381629944,1960
United States,1960,840008,3011.008527874947,1960
United States,1960,840013,2743.088758468628,1960
United States,1960,840016,2763.319735944271,1960
United States,1960,840033,2990.504996061325,1960
United States,1960,840006,3211.247006654739,1960
United States,1960,840028,2221.925991535187,1960
United States,1960,840051,2453.532661437988,1960
United States,1960,840004,2421.784913599491,1960
United States,1960,840041,3381.864648342133,1960
United States,1960,840045,2792.714203119278,1960
United States,1960,840001,2442.547896623611,1960
United States,1960,840020,3168.007165372372,1960
United States,1960,840056,4359.464460849762,1960
United States,1960,840029,3033.884939432144,1960
United States,1960,840012,2484.793479800224,1960
United States,1960,840010,3242.157460451126,1960
United States,1960,840048,3851.383650660515,1960
United States,1960,840011,2000.607259511948,1960
United States,1960,840005,2225.338059902191,1960
United States,1960,840037,2503.422202110291,1960
United States,1960,840055,2695.471313714981,1960
United States,1960,840025,2890.808546304703,1960
United States,1960,840038,2143.692456066608,1960
United States,1960,840042,3061.449280261993,1960
United States,1960,840047,2192.127808094025,1960
United States,1960,840050,2279.661465167999,1960
United States,1960,840049,3207.332378864288,1960
United States,1960,840009,3258.823397397995,1960
United States,1960,840022,4309.264798521996,1960
United States,1960,840015,2702.247294902802,1960
United States,1960,840039,3000.745279073715,1960
United States,1960,840023,2867.352413654327,1960
United States,1960,840019,2579.388239055872,1960
United States,1960,840035,2486.776041507721,1960
United States,1960,840031,3002.48977637291,1960
United States,1960,840040,3660.109118163586,1960
United States,1960,840021,2112.135369777679,1960
United States,1960,840054,2304.682254433632,1960
United States,1960,840017,3277.560710191727,1960
United States,1960,840024,2926.92866563797,1960
United States,1960,840018,3734.247590899467,1960
United States,1960,840053,3528.456036806107,1960
United States,1960,840027,2651.109933853149,1960
United States,1960,840030,3275.193091273308,1960
United States,1960,840036,3169.241622924805,1960
United States,1960,840034,4232.30612206459,1960
United States,1960,840002,2230.963437080383,1960
United States,1960,840046,1865.668118745089,1960
United States,1960,840044,3032.139833450317,1960
United States,1960,840026,2858.057423710823,1960
Venezuela,1981,862015,3298.30813574791,1981
Venezuela,1981,862011,4639.610643282533,1981
Venezuela,1981,862001,2113.440644996241,1981
Venezuela,1981,862020,6568.239308200777,1981
Venezuela,1981,862014,7697.782491758466,1981
Venezuela,1981,862018,8175.957104608417,1981
Venezuela,1981,862003,4410.272720582783,1981
Venezuela,1981,862017,927.6707803010941,1981
Venezuela,1981,862005,3901.174841076136,1981
Venezuela,1981,862019,5226.544757142663,1981
Venezuela,1981,862016,6046.846710577607,1981
Venezuela,1981,862010,4631.698436379433,1981
Venezuela,1981,862023,5168.057565182447,1981
Venezuela,1981,862022,6930.722581759095,1981
Venezuela,1981,862009,6339.85854023695,1981
Venezuela,1981,862004,6045.649365663528,1981
Venezuela,1981,862012,6189.845409393311,1981
Venezuela,1981,862007,3393.422130092978,1981
Venezuela,1981,862013,5910.795493960381,1981
Venezuela,1981,862021,7748.829665124416,1981
Venezuela,1981,862002,6155.182638406754,1981
Venezuela,1981,862008,3458.271721482277,1981
Vietnam,1989,704054,31747.57942295074,1989
Vietnam,1989,704091,28997.33121585846,1989
Vietnam,1989,704003,35180.63609695435,1989
Vietnam,1989,704056,14211.77433013916,1989
Vietnam,1989,704079,3227.449728012085,1989
Vietnam,1989,704031,22668.5813472271,1989
Vietnam,1989,704092,31120.05169641972,1989
Vietnam,1989,704084,30473.35846118629,1989
Vietnam,1989,704052,26919.1584815979,1989
Vietnam,1989,704083,31402.75843071938,1989
Vietnam,1989,704044,30471.51727294922,1989
Vietnam,1989,704046,19877.33388328552,1989
Vietnam,1989,704089,21016.69864678383,1989
Vietnam,1989,704035,33231.74173760414,1989
Vietnam,1989,704001,26953.60164642334,1989
Vietnam,1989,704024,35833.61618709564,1989
Vietnam,1989,704002,33383.22715759277,1989
Vietnam,1989,704014,34891.62473487854,1989
Vietnam,1989,704030,31297.83647012711,1989
Vietnam,1989,704058,24092.83306121826,1989
Vietnam,1989,704038,31824.96187210083,1989
Vietnam,1989,704075,23562.27456283569,1989
Vietnam,1989,704066,31224.67666625977,1989
Vietnam,1989,704082,28856.79092359543,1989
Vietnam,1989,704080,31614.51766967773,1989
Vietnam,1989,704068,31482.52157592773,1989
Vietnam,1989,704020,36041.80047607422,1989
Vietnam,1989,704034,32889.38840606809,1989
Vietnam,1989,704045,29600.56588745117,1989
Vietnam,1989,704040,31741.52249336243,1989
Vietnam,1989,704087,32747.57830095291,1989
Vietnam,1989,704070,24394.31399917603,1989
Vietnam,1989,704072,22311.43102073669,1989
Vietnam,1989,704010,32979.70020294189,1989
Vietnam,1989,704051,31777.71998214722,1989
Vietnam,1989,704048,23971.71356391907,1989
Vietnam,1989,704095,30355.11589813232,1989
Vietnam,1989,704022,16281.82295227051,1989
Vietnam,1989,704062,34587.46343231201,1989
Zambia,1990,894005,2822.380322117358,1990
Zambia,1990,894001,8523.346449926496,1990
Zambia,1990,894002,3964.705559387803,1990
Zambia,1990,894008,9365.092428823933,1990
Zambia,1990,894010,7439.599624961615,1990
Zambia,1990,894004,8655.206258587539,1990
Zambia,1990,894009,7555.36205239594,1990
Zambia,1990,894003,12039.34187305719,1990
