stateicp,countyicp,totpop_1850,urb850_1850,urb25_1850,colleges_1850,pubsch_1850,totillit_1850,schlib_1850,log_copyright
41,10,15023,0,0,0,30,518,0,.4054651
41,30,4414,0,0,0,5,104,0,0
41,50,23632,0,0,0,18,633,0,0
41,70,9969,0,0,0,20,1160,0,0
41,90,7367,0,0,0,20,1257,0,.28768209
41,110,,,,,,,,
41,130,10836,0,0,0,3,667,0,.28768209
,,,,,,,,,
41,170,23960,0,0,1,44,739,0,1.1631508
41,190,13884,0,0,0,83,1215,0,0
41,230,8389,0,0,0,28,389,0,0
41,250,9786,0,0,0,29,602,0,0
41,270,,,,,,,,
41,290,,,,,,,,
41,310,5940,0,0,0,17,666,0,0
41,350,9322,0,0,0,20,299,0,.78845733
41,370,14543,0,0,0,19,766,0,0
41,390,3645,0,0,0,7,618,0,0
41,410,,,,,,,,
41,430,,,,,,,,
41,450,6382,0,0,0,8,1092,0,0
41,470,29727,3073,0,0,41,97,0,.69314718
41,490,8245,0,0,0,22,1275,0,.69314718
41,510,,,,,,,,
41,530,,,,,,,,
41,550,,,,,,,,
41,570,9681,0,0,0,38,1100,0,.69314718
41,590,19610,0,0,1,27,772,0,0
41,610,,,,,,,,
41,630,31441,0,0,0,33,518,0,.69314718
41,650,,,,,,,,
41,670,9019,0,0,0,20,854,0,0
41,690,,,,,,,,
41,710,14088,0,0,0,19,2030,0,.4054651
41,730,8989,0,0,0,14,741,0,0
41,770,17172,0,0,0,31,812,0,.4054651
41,790,15258,0,0,0,34,845,0,.69314718
41,810,,,,,,,,
41,830,16483,0,0,0,28,585,0,.78845733
41,850,21915,0,0,0,18,121,0,0
41,870,26898,0,0,0,16,58,0,.69314718
41,890,26427,2863,0,0,30,1139,31,0
41,910,27831,0,0,0,21,47,0,0
41,930,7833,0,0,0,3,949,0,0
41,950,8846,0,0,0,20,969,0,0
41,970,27600,20515,0,1,34,29,0,1.0986123
41,990,12013,0,0,0,8,277,0,0
41,1010,29711,8728,0,0,16,608,1,0
,,,,,,,,,
41,1050,22285,0,0,1,26,229,0,0
41,1070,21512,0,0,0,34,699,0,.4054651
41,1090,15920,0,0,0,24,1674,0,.18232156
41,1110,11581,0,0,0,60,777,0,.91629076
41,1130,19548,0,0,0,25,75,0,.69314718
41,1150,6829,0,0,0,12,898,0,0
41,1170,9536,0,0,0,24,380,0,0
41,1190,22250,0,0,0,19,158,0,0
41,1210,18624,0,0,0,29,595,0,.53062826
41,1230,15584,0,0,0,6,1441,0,0
41,1250,18056,0,0,1,16,1136,0,.69314718
41,1270,5124,0,0,0,2,134,0,0
41,1290,2713,0,0,0,6,125,0,0
41,1310,17352,0,0,0,6,3,0,.28768209
,,,,,,,,,
61,10,,,,,,,,
61,30,,,,,,,,
61,50,,,,,,,,
61,70,,,,,,,,
61,90,,,,,,,,
61,110,,,,,,,,
61,130,,,,,,,,
61,150,,,,,,,,
61,170,,,,,,,,
61,190,,,,,,,,
61,210,,,,,,,,
61,230,,,,,,,,
61,250,,,,,,,,
61,270,,,,,,,,
42,10,3245,0,0,0,7,176,0,.4054651
42,30,2058,0,0,0,5,46,0,1.0986123
42,50,,,,,,,,
42,70,3710,0,0,0,7,56,0,.69314718
42,90,,,,,,,,
42,110,3829,0,0,0,7,256,0,0
42,130,,,,,,,,
42,150,4614,0,0,0,23,471,0,0
42,170,5115,0,0,0,3,60,0,.69314718
42,190,4070,0,0,0,0,184,0,0
42,210,,,,,,,,
42,230,,,,,,,,
42,270,,,,,,,,
42,290,3583,0,0,0,0,281,0,0
42,310,,,,,,,,
42,330,7960,0,0,1,1,1051,0,1.0986123
42,350,2648,0,0,0,3,93,0,0
42,370,,,,,,,,
42,390,6877,0,0,0,7,307,0,0
42,410,2911,0,0,0,2,123,0,0
42,430,3276,0,0,0,8,230,0,0
42,450,,,,,,,,
42,470,3972,0,0,0,8,437,0,0
42,490,1819,0,0,0,0,321,0,0
42,510,,,,,,,,
42,530,,,,,,,,
42,550,2593,0,0,0,6,521,0,0
42,570,7672,0,0,0,9,382,0,.69314718
42,590,3609,0,0,0,1,526,0,0
42,610,,,,,,,,
42,630,7767,0,0,0,12,785,0,0
42,650,3213,0,0,0,8,448,0,0
42,670,3086,0,0,0,3,219,0,0
42,690,5834,0,0,0,10,315,0,.4054651
42,710,5227,0,0,0,0,549,0,0
42,730,5220,0,0,0,8,214,0,0
42,750,5274,0,0,0,14,761,0,0
42,770,,,,,,,,
42,790,,,,,,,,
42,810,,,,,,,,
42,830,,,,,,,,
42,850,,,,,,,,
42,870,4823,0,0,0,12,606,0,0
42,890,2308,0,0,0,6,356,0,0
42,910,,,,,,,,
42,930,2368,0,0,0,4,150,0,0
42,950,2049,0,0,0,,231,0,0
42,970,1958,0,0,0,5,265,0,0
42,990,,,,,,,,
42,1010,1758,0,0,0,4,374,0,0
42,1030,9591,0,0,0,3,76,0,0
42,1050,978,0,0,0,2,155,0,0
42,1070,6935,0,0,0,0,367,0,0
42,1090,1861,0,0,0,6,95,0,0
42,1110,2308,0,0,0,10,39,0,0
42,1130,1263,0,0,0,6,220,0,0
42,1150,4710,0,0,0,11,538,0,0
42,1170,2097,0,0,0,5,143,0,0
42,1190,5657,0,0,0,11,485,0,0
42,1210,3275,0,0,0,8,558,0,0
42,1230,4479,0,0,0,12,381,0,0
42,1250,3903,0,0,0,20,80,0,0
42,1270,3083,0,0,0,10,458,0,0
42,1290,1979,0,0,0,6,354,0,0
42,1310,,,,,,,,
42,1330,4240,0,0,0,12,112,0,0
42,1350,,,,,,,,
42,1370,,,,,,,,
42,1390,10298,0,0,0,0,282,0,.69314718
42,1410,2864,0,0,0,8,539,0,0
42,1430,9970,0,0,2,30,717,0,0
42,1450,2619,0,0,0,0,222,0,0
42,1470,,,,,,,,
42,1490,3341,0,0,0,10,320,0,0
71,10,,,,,,,,
71,30,,,,,,,,
71,50,,,,,,,,
71,70,3574,0,0,0,0,0,,0
71,90,16884,0,0,0,0,1839,,0
71,110,115,0,0,0,0,0,,0
71,130,,,,,,,,
71,150,,,,,,,,
71,170,20057,0,0,0,0,987,,0
71,190,,,,,,,,
71,210,,,,,,,,
71,230,,,,,,,,
71,250,,,,,,,,
71,270,,,,,,,,
71,290,,,,,,,,
71,310,,,,,,,,
71,315,,,,,,,,
71,330,,,,,,,,
71,350,,,,,,,,
71,370,3530,0,0,0,0,1102,,0
71,390,,,,,,,,
71,410,323,0,0,0,0,22,,0
71,430,4379,0,0,0,0,0,,0
71,450,55,0,0,0,0,1,,0
71,470,,,,,,,,
71,490,,,,,,,,
71,510,,,,,,,,
71,530,1872,0,0,0,0,239,,0
71,550,405,0,0,0,0,0,,0
71,570,,,,,,,,
71,590,,,,,,,,
71,610,,,,,,,,
71,630,,,,,,,,
71,650,,,,,,,,
71,670,9087,6820,0,0,0,82,,.91629076
71,690,,,,,,,,
71,710,,,,,,,,
71,730,798,0,0,0,0,111,,0
71,750,,,,,,,,
71,770,3647,0,0,0,0,0,,0
71,790,336,0,0,0,0,63,,0
71,810,,,,,,,,
71,830,1185,0,0,0,1,299,,0
71,850,,,,,,,,
71,870,643,0,0,0,0,59,,0
71,890,378,0,0,0,0,0,,.69314718
71,910,,,,,,,,
71,930,,,,,,,,
71,950,580,0,0,0,0,12,,0
71,970,560,0,0,0,1,1,,0
71,990,,,,,,,,
71,1010,3444,0,0,0,0,0,,0
71,1030,,,,,,,,
71,1050,1635,0,0,0,0,0,,.4054651
71,1070,,,,,,,,
71,1090,8351,0,0,0,0,412,,0
71,1110,,,,,,,,
71,1130,1086,0,0,0,0,6,,.69314718
71,1150,9673,0,0,0,0,0,,0
62,10,,,,,,,,
62,30,,,,,,,,
62,70,,,,,,,,
62,90,,,,,,,,
62,110,,,,,,,,
62,130,,,,,,,,
62,150,,,,,,,,
62,170,,,,,,,,
62,190,,,,,,,,
62,210,,,,,,,,
62,230,,,,,,,,
62,250,,,,,,,,
62,270,,,,,,,,
62,290,,,,,,,,
62,310,,,,,,,,
62,330,,,,,,,,
62,350,,,,,,,,
62,370,,,,,,,,
62,390,,,,,,,,
62,410,,,,,,,,
62,430,,,,,,,,
62,450,,,,,,,,
62,470,,,,,,,,
62,490,,,,,,,,
62,510,,,,,,,,
62,530,,,,,,,,
62,550,,,,,,,,
62,570,,,,,,,,
62,590,,,,,,,,
62,610,,,,,,,,
62,630,,,,,,,,
62,650,,,,,,,,
62,670,,,,,,,,
62,690,,,,,,,,
62,710,,,,,,,,
62,730,,,,,,,,
62,750,,,,,,,,
62,770,,,,,,,,
62,790,,,,,,,,
62,810,,,,,,,,
62,830,,,,,,,,
62,850,,,,,,,,
62,870,,,,,,,,
62,890,,,,,,,,
62,910,,,,,,,,
62,930,,,,,,,,
62,950,,,,,,,,
62,970,,,,,,,,
62,990,,,,,,,,
62,1010,,,,,,,,
62,1030,,,,,,,,
62,1050,,,,,,,,
62,1070,,,,,,,,
62,1090,,,,,,,,
62,1110,,,,,,,,
62,1130,,,,,,,,
62,1150,,,,,,,,
62,1170,,,,,,,,
62,1190,,,,,,,,
62,1210,,,,,,,,
62,1230,,,,,,,,
62,1250,,,,,,,,
1,10,59775,6080,0,0,235,1136,0,.69314718
1,30,69967,13555,0,2,254,1074,1,1.7917595
1,50,45253,0,0,0,290,470,0,1.0986123
1,70,27216,4211,0,1,115,42,0,1.5040774
1,90,65588,20345,0,1,227,1001,3,1.2527629
1,110,51821,15130,0,0,237,1085,0,.69314718
1,130,20091,0,0,0,125,164,0,0
1,150,31081,0,0,0,173,334,0,.91629076
11,10,22816,0,0,0,48,3694,0,0
11,30,42780,13979,0,2,59,3001,0,1.9459101
11,50,25936,0,0,0,87,3486,0,0
43,10,2524,0,0,0,1,273,0,0
43,30,,,,,,,,
43,50,,,,,,,,
,,,,,,,,,
43,110,,,,,,,,
43,130,1377,0,0,0,3,95,0,.69314718
43,150,,,,,,,,
43,170,,,,,,,,
43,190,,,,,,,,
43,210,,,,,,,,
43,230,4808,0,0,0,9,364,0,0
43,250,159,0,0,0,0,15,0,0
43,270,,,,,,,,
43,290,,,,,,,,
43,310,4539,0,0,0,3,165,0,0
43,330,4351,0,0,0,10,310,1,.69314718
43,350,,,,,,,,
43,370,1561,0,0,0,1,100,0,0
43,390,8784,0,0,0,6,51,1,0
43,410,,,,,,,,
43,430,,,,,,,,
43,450,,,,,,,,
43,470,2511,0,0,0,0,202,0,0
43,490,,,,,,,,
43,510,,,,,,,,
43,550,,,,,,,,
43,570,2377,0,0,0,4,136,0,0
43,590,1205,0,0,0,1,170,0,0
43,610,,,,,,,,
43,630,6639,0,0,0,0,450,0,.69314718
43,650,7718,0,0,0,7,282,0,0
43,670,,,,,,,,
43,690,,,,,,,,
43,710,,,,,,,,
43,730,11442,0,0,0,1,193,0,0
43,750,465,0,0,0,0,15,0,0
43,770,,,,,,,,
43,790,5490,0,0,0,6,29,0,0
43,810,,,,,,,,
43,830,3338,0,0,0,3,59,0,0
43,850,,,,,,,,
43,870,2645,0,0,0,2,188,0,0
43,890,2164,0,0,0,0,146,0,0
,,,,,,,,,
43,910,,,,,,,,
43,930,,,,,,,,
,,,,,,,,,
43,970,,,,,,,,
43,990,,,,,,,,
43,1010,,,,,,,,
43,1030,,,,,,,,
43,1050,,,,,,,,
43,1070,687,0,0,0,0,99,0,0
43,1090,2525,0,0,0,1,144,0,0
43,1110,,,,,,,,
43,1130,2883,0,0,0,3,182,0,0
43,1150,,,,,,,,
43,1170,,,,,,,,
43,1190,,,,,,,,
43,1210,,,,,,,,
43,1230,,,,,,,,
43,1250,,,,,,,,
43,1270,,,,,,,,
43,1290,1955,0,0,0,1,114,0,0
43,1310,1817,0,0,0,1,69,0,0
43,1330,1950,0,0,0,2,189,0,0
44,10,2949,0,0,0,12,383,0,0
44,30,,,,,,,,
44,50,,,,,,,,
44,70,8120,0,0,0,10,609,0,0
44,90,8148,0,0,1,4,8,0,0
44,110,,,,,,,,
44,130,,,,,,,,
44,170,,,,,,,,
44,190,,,,,,,,
44,210,12699,5720,0,1,16,161,0,0
44,230,,,,,,,,
44,250,,,,,,,,
44,270,,,,,,,,
44,290,3424,0,0,0,8,43,0,0
44,310,4300,0,0,0,15,250,0,0
44,330,16100,0,0,0,10,732,0,.28768209
44,350,6488,0,0,0,10,133,0,.4054651
44,370,,,,,,,,
44,390,6319,0,0,0,4,95,0,0
44,410,7232,0,0,0,19,138,0,0
44,430,,,,,,,,
44,450,9357,0,0,0,18,1136,0,0
,,,,,,,,,
44,470,,,,,,,,
44,490,,,,,,,,
44,510,23901,15312,0,0,5,410,0,.69314718
44,530,,,,,,,,
44,550,6815,0,0,0,11,360,0,0
44,570,12800,0,0,0,26,1829,0,0
44,590,11119,0,0,1,17,301,0,0
44,610,,,,,,,,
44,630,,,,,,,,
44,650,637,0,0,0,0,66,0,0
44,670,13843,0,0,0,6,397,0,.18232156
44,690,,,,,,,,
44,710,,,,,,,,
44,730,11961,0,0,0,6,33,0,0
44,750,,,,,,,,
44,770,13635,0,0,0,15,805,1,1.2527629
44,790,8984,0,0,0,13,222,0,0
44,810,,,,,,,,
44,830,2680,0,0,0,7,375,0,0
44,850,,,,,,,,
44,870,8262,0,0,0,6,325,0,0
,,,,,,,,,
44,910,,,,,,,,
44,930,8361,0,0,0,9,862,0,0
44,950,,,,,,,,
44,970,,,,,,,,
44,990,7246,0,0,1,6,292,0,.18232156
44,1010,,,,,,,,
44,1030,3864,0,0,0,8,38,0,.28768209
44,1050,12959,0,0,0,20,841,0,0
44,1070,4577,0,0,0,11,743,0,0
44,1090,,,,,,,,
44,1110,,,,,,,,
44,1130,8709,0,0,0,7,313,0,0
44,1150,8205,0,0,0,1,85,0,0
44,1170,8850,0,0,0,15,1453,0,0
44,1190,11513,0,0,0,20,188,0,0
44,1210,,,,,,,,
44,1230,8440,0,0,0,8,1510,0,0
44,1250,,,,,,,,
44,1270,4933,0,0,0,3,35,0,.69314718
44,1290,5984,0,0,0,12,330,0,0
44,1310,,,,,,,,
44,1330,13068,0,0,1,12,405,0,0
44,1350,11257,0,0,0,31,870,0,0
44,1370,8895,0,0,0,1,458,0,0
44,1390,8713,0,0,0,7,1457,0,0
44,1410,11578,0,0,0,8,122,0,0
44,1430,,,,,,,,
44,1450,14721,0,0,0,10,234,0,0
44,1470,,,,,,,,
44,1490,6923,0,0,0,14,341,0,0
44,1510,14726,0,0,0,15,662,0,0
44,1530,16450,0,0,0,15,807,0,0
44,1550,3334,0,0,0,11,509,0,0
44,1570,9768,0,0,0,11,571,0,0
44,1590,11486,0,0,0,10,272,0,0
44,1610,,,,,,,,
44,1630,9131,0,0,0,7,142,0,.28768209
44,1650,,,,,,,,
44,1670,,,,,,,,
44,1690,10224,0,0,0,17,516,0,0
44,1710,,,,,,,,
44,1730,,,,,,,,
44,1750,6442,0,0,0,6,710,0,0
44,1770,6660,0,0,0,7,347,0,0
44,1790,7926,0,0,0,5,169,0,0
44,1810,5998,0,0,0,4,189,0,0
44,1830,,,,,,,,
44,1850,7714,0,0,0,31,463,0,0
44,1870,8955,0,0,0,20,1037,0,.91629076
44,1890,,,,,,,,
44,1910,6027,0,0,0,4,82,0,0
44,1930,7052,0,0,0,11,79,0,0
44,1950,5703,0,0,0,9,245,0,0
44,1970,10280,0,0,0,18,776,0,0
44,1990,16476,0,0,0,12,376,0,0
44,2010,,,,,,,,
44,2030,,,,,,,,
44,2050,,,,,,,,
44,2070,16985,0,0,1,30,109,0,0
44,2090,2154,0,0,0,12,123,0,0
44,2110,10744,0,0,2,0,44,0,0
44,2130,14433,0,0,0,20,850,0,0
44,2150,18578,5942,0,0,,251,0,.18232156
44,2170,13296,0,0,1,15,337,0,0
44,2190,,,,,,,,
44,2210,12259,0,0,0,13,85,0,.4054651
44,2230,7039,0,0,0,13,803,0,.18232156
44,2250,,,,,,,,
44,2270,,,,,,,,
44,2290,,,,,,,,
44,2310,14306,0,0,0,12,315,0,.69314718
44,2330,,,,,,,,
44,2350,6627,0,0,0,6,742,0,0
44,2370,10794,0,0,0,8,309,0,0
44,2390,,,,,,,,
44,2410,2448,0,0,0,14,64,0,0
44,2430,12868,0,0,1,25,726,0,0
44,2450,16246,9448,0,1,18,167,0,.18232156
44,2470,,,,,,,,
44,2490,,,,,,,,
44,2510,6847,0,0,0,10,69,10,0
44,2530,,,,,,,,
44,2550,,,,,,,,
44,2570,,,,,,,,
44,2590,16027,0,0,0,27,554,0,0
44,2610,10322,0,0,0,12,564,0,0
44,2630,16534,0,0,0,17,387,0,.69314718
44,2650,5146,0,0,0,6,233,0,0
44,2670,3227,0,0,0,8,199,0,0
44,2690,,,,,,,,
44,2710,3026,0,0,0,8,136,0,.69314718
44,2730,,,,,,,,
44,2750,10103,0,0,0,14,148,0,0
44,2770,,,,,,,,
44,2790,,,,,,,,
44,2810,,,,,,,,
44,2830,,,,,,,,
44,2850,16879,0,0,2,48,144,0,0
44,2870,,,,,,,,
44,2890,8179,0,0,0,7,15,0,0
44,2910,7234,0,0,0,30,1225,0,0
44,2930,9424,0,0,0,22,268,0,0
44,2950,13109,0,0,0,41,699,0,0
44,2970,10821,0,0,0,25,273,0,.69314718
44,2990,3888,0,0,0,6,786,0,0
44,3010,12425,0,0,0,18,663,0,.69314718
44,3030,11766,0,0,0,15,820,0,.69314718
44,3050,1499,0,0,0,4,92,0,0
44,3070,,,,,,,,
44,3090,,,,,,,,
44,3110,,,,,,,,
44,3130,,,,,,,,
44,3150,,,,,,,,
44,3170,12107,0,0,0,14,40,0,0
44,3190,8296,0,0,0,25,471,0,1.0986123
44,3210,,,,,,,,
82,10,,,,,,,,
82,30,,,,,,,,
82,70,,,,,,,,
82,90,,,,,,,,
63,10,,,,,,,,
63,30,,,,,,,,
63,35,,,,,,,,
63,50,,,,,,,,
63,70,,,,,,,,
63,90,,,,,,,,
63,110,,,,,,,,
63,130,,,,,,,,
63,150,,,,,,,,
63,170,,,,,,,,
63,190,,,,,,,,
63,210,,,,,,,,
63,230,,,,,,,,
63,250,,,,,,,,
63,270,,,,,,,,
63,290,,,,,,,,
63,310,,,,,,,,
63,330,,,,,,,,
63,350,,,,,,,,
63,370,,,,,,,,
63,390,,,,,,,,
63,410,,,,,,,,
63,430,,,,,,,,
63,450,,,,,,,,
63,470,,,,,,,,
63,490,,,,,,,,
63,510,,,,,,,,
63,530,,,,,,,,
63,550,,,,,,,,
63,570,,,,,,,,
63,590,,,,,,,,
63,610,,,,,,,,
63,630,,,,,,,,
63,635,,,,,,,,
63,650,,,,,,,,
63,670,,,,,,,,
63,690,,,,,,,,
63,710,,,,,,,,
63,730,,,,,,,,
63,750,,,,,,,,
63,770,,,,,,,,
63,790,,,,,,,,
63,810,,,,,,,,
63,830,,,,,,,,
63,850,,,,,,,,
63,870,,,,,,,,
21,10,26508,6902,0,0,165,841,0,.69314718
21,30,2484,0,0,0,10,476,0,0
21,50,6144,0,0,0,33,34,4,.4054651
21,70,7624,0,0,0,54,78,0,.4054651
21,90,7198,0,0,0,28,748,0,0
21,110,8841,0,0,0,56,88,0,0
21,130,3231,0,0,0,8,456,0,.22314355
21,150,4586,0,0,0,33,44,0,0
21,170,7253,0,0,0,70,150,0,0
21,190,2649,0,0,0,0,25,0,0
21,210,3203,0,0,0,30,290,6,.28768209
21,230,9532,0,0,0,79,144,0,.69314718
21,250,4289,0,0,0,16,661,0,0
21,270,5139,0,0,0,25,389,0,0
21,290,9335,0,0,0,43,443,0,.28768209
21,310,43385,29963,29963,0,68,762,0,.22314355
21,330,7135,0,0,0,31,946,0,.22314355
21,350,3718,0,0,0,17,209,0,0
,,,,,,,,,
21,390,5002,0,0,0,41,56,4,0
21,410,,,,,,,,
21,430,9290,0,0,0,52,252,0,0
21,450,10692,0,0,0,30,1040,0,0
21,470,3524,0,0,0,36,206,0,.28768209
21,490,3799,0,0,0,28,141,0,0
21,510,8075,0,0,0,30,171,0,0
21,530,,,,,,,,
21,550,5681,0,0,0,14,599,0,0
21,570,22508,0,0,0,109,455,0,.60613579
21,590,5448,0,0,0,20,719,0,0
21,610,12429,0,0,0,67,310,0,.91629076
21,630,3023,0,0,0,17,216,0,0
21,650,6362,0,0,0,41,1101,0,.28768209
21,670,14652,0,0,0,91,173,0,0
21,690,2887,0,0,0,10,104,0,0
21,710,4612,0,0,0,23,68,0,0
21,730,3807,0,0,0,31,0,0,0
21,750,4149,0,0,0,,320,0,0
21,770,5862,0,0,0,35,1043,0,0
21,790,3220,0,0,0,6,194,0,0
21,810,8109,0,0,0,58,1269,0,0
21,830,7354,0,0,0,34,396,0,0
21,850,18604,6004,0,0,62,648,0,0
21,870,4114,0,0,0,25,656,0,.28768209
21,890,16703,0,0,0,117,325,0,0
21,910,,,,,,,,
21,930,7730,0,0,0,71,54,0,0
21,950,13279,0,0,1,100,222,1,.69314718
21,970,14226,0,0,0,74,508,1,0
21,990,17815,0,0,0,35,566,0,0
21,1010,6121,0,0,0,42,306,0,0
21,1030,5292,0,0,0,46,243,0,0
21,1050,1552,0,0,0,7,15,0,0
21,1070,5128,0,0,0,0,167,0,.45953235
,,,,,,,,,
,,,,,,,,,
,,,,,,,,,
21,1150,3988,0,0,0,30,161,0,0
21,1170,12355,0,0,0,72,656,0,0
21,1190,20441,3585,0,1,94,918,1,.81093019
21,1210,6720,0,0,0,56,936,0,0
21,1230,5180,0,0,0,20,212,0,0
21,1250,5921,0,0,0,21,423,0,0
21,1270,4092,0,0,0,5,563,0,0
21,1290,6349,0,0,0,30,120,0,0
21,1310,5246,0,0,0,8,83,0,0
21,1330,7679,0,0,0,32,744,1,0
21,1350,6277,0,0,1,58,156,0,0
21,1370,16064,2745,0,1,62,122,0,0
21,1390,3234,0,0,0,14,264,0,0
21,1410,10020,0,0,0,74,83,1,0
21,1430,17547,5095,0,1,78,340,0,1.1526796
21,1450,5278,0,0,0,13,109,0,0
21,1470,1606,0,0,0,7,69,1,0
21,1490,18819,0,0,0,97,426,0,0
21,1510,3975,0,0,0,15,55,0,0
21,1530,2265,0,0,0,6,347,0,0
21,1550,3924,0,0,0,23,63,0,1.0986123
21,1570,11079,0,0,0,50,395,0,.55961579
21,1590,4012,0,0,0,12,575,0,0
21,1610,6937,0,0,0,2,54,0,.4054651
21,1630,20180,2941,0,1,0,878,0,1.0986123
21,1650,5588,0,0,0,15,772,0,0
21,1670,19228,4533,0,0,86,2024,0,0
21,1690,10573,0,0,0,0,808,0,.94908059
21,1710,7914,0,0,0,46,771,0,.69314718
21,1730,7807,0,0,0,45,977,0,0
21,1750,3710,0,0,0,22,77,0,0
21,1770,11666,0,0,0,50,303,0,.4054651
21,1790,12052,0,0,0,81,72,0,0
21,1810,7615,0,0,0,43,1337,0,0
21,1830,11492,0,0,0,2,377,0,.4054651
21,1850,4690,0,0,0,30,26,0,.69314718
21,1870,8176,0,0,0,106,115,0,0
21,1890,6953,0,0,0,30,820,0,0
21,1910,6825,0,0,0,,866,0,0
21,1930,8925,0,0,0,40,867,0,0
21,1950,5361,0,0,0,36,13,0,.69314718
21,1970,16703,2659,0,0,87,1185,7,.28768209
21,1990,7216,0,0,0,18,1141,0,0
21,2010,11773,0,0,0,68,9,2,.84729785
21,2030,4415,0,0,0,25,7,0,.22314355
22,10,5797,0,0,0,28,157,0,0
22,30,16919,4282,0,0,90,622,0,.69314718
22,50,12428,0,0,0,77,1170,0,0
22,70,1144,0,0,0,8,95,0,0
22,90,2860,0,0,0,1,166,0,0
22,110,11631,0,0,0,86,956,0,.4054651
22,130,4846,0,0,0,0,829,0,0
22,150,11015,0,0,0,50,985,0,.4054651
22,170,11021,0,0,0,55,173,0,.91629076
22,190,15828,0,0,0,65,941,0,0
22,210,7944,0,0,0,0,532,0,0
22,230,11869,0,0,0,75,1061,0,.78845733
22,250,6524,0,0,0,24,945,0,0
22,270,10352,0,0,0,37,1222,0,0
22,290,20166,2651,0,0,80,703,0,.69314718
22,310,15107,0,0,0,103,1301,0,.69314718
22,330,8251,0,0,0,42,614,0,0
22,350,10843,0,0,0,50,1089,0,0
22,370,6321,0,0,0,7,441,0,0
22,390,12690,0,0,0,119,1057,0,0
22,410,10217,0,0,0,60,655,0,.28768209
22,430,14875,8181,0,1,47,1051,2,1.3862944
22,450,13253,0,0,0,78,1462,0,0
22,470,17968,0,0,0,86,693,0,.91629076
22,490,5982,0,0,0,31,483,0,0
22,510,10771,0,0,0,61,1201,0,0
22,530,11092,0,0,0,50,1121,0,.4054651
22,550,12313,0,0,0,57,1521,0,.4054651
22,570,12684,0,0,0,55,1319,0,0
22,590,9698,0,0,0,21,642,0,0
22,610,15286,0,0,0,93,89,0,.51082563
22,630,14083,0,0,0,95,1306,0,.69314718
22,650,17605,0,0,0,72,971,0,.69314718
22,670,6657,0,0,0,0,155,0,.69314718
22,690,7850,0,0,0,60,571,0,0
22,710,11047,0,0,0,46,1428,0,0
22,730,3540,0,0,0,11,203,0,0
22,750,7047,0,0,0,33,420,0,.28768209
22,770,23916,8012,0,1,100,1555,0,.69314718
22,790,12096,0,0,0,85,484,0,0
22,810,12101,0,0,0,104,472,0,0
22,830,11084,0,0,0,80,794,0,.18232156
22,850,10243,0,0,0,60,1092,0,.69314718
22,870,8387,0,0,0,82,104,0,0
22,890,3991,0,0,0,16,131,0,0
,,,,,,,,,
22,930,12097,0,0,0,60,1148,0,.4054651
22,950,12375,0,0,0,80,821,0,0
22,970,24103,8091,0,1,163,965,0,1.3862944
22,990,5348,0,0,0,18,468,0,0
22,1010,5941,0,0,0,16,1594,0,.69314718
22,1030,11304,0,0,0,85,1074,0,0
22,1050,11286,0,0,1,63,1038,0,0
22,1070,18084,0,0,1,58,1175,0,0
22,1090,14576,0,0,0,50,904,0,0
22,1110,,,,,,,,
22,1130,7946,0,0,0,84,365,0,0
22,1150,5308,0,0,0,26,39,0,0
22,1170,10809,0,0,0,52,1471,0,0
22,1190,12106,0,0,0,43,1124,0,0
22,1210,14968,0,0,0,34,320,0,0
22,1230,7268,0,0,0,16,1114,0,0
22,1250,7720,0,0,0,11,1083,0,0
22,1270,5234,0,0,0,49,261,0,0
22,1290,12549,0,0,0,40,1538,0,.69314718
22,1310,2595,0,0,0,6,172,0,0
22,1330,18615,0,0,1,90,2035,0,0
22,1350,14725,0,0,0,0,1179,0,.69314718
22,1370,14820,0,0,0,91,1055,0,.69314718
22,1390,16445,0,0,0,51,1628,0,.64185387
22,1410,10954,0,0,1,47,248,0,0
22,1430,5885,0,0,0,26,900,0,0
22,1450,15502,0,0,0,110,1646,0,0
22,1470,8616,0,0,0,36,948,0,0
22,1490,557,0,0,0,1,81,0,0
22,1510,6104,0,0,0,75,63,0,0
22,1530,10141,0,0,0,68,757,0,0
22,1550,12932,0,0,0,0,119,0,0
22,1570,19377,6129,0,0,67,1549,0,.53062826
22,1590,3532,0,0,0,16,480,0,0
22,1610,6944,0,0,0,50,92,0,.69314718
22,1630,11414,3235,0,1,31,158,0,0
22,1650,8661,0,0,0,52,698,0,.69314718
22,1670,15289,4051,0,0,44,1613,0,.4054651
22,1690,12138,0,0,0,62,820,0,.69314718
22,1710,7387,0,0,0,36,328,0,.4054651
22,1730,8811,0,0,0,46,381,0,0
22,1750,17040,0,0,0,71,1259,0,.4054651
22,1770,25320,0,0,2,114,1091,1,.98082924
22,1790,6152,0,0,0,44,565,0,0
22,1810,4761,0,0,0,30,401,0,.69314718
22,1830,5190,0,0,0,27,350,0,0
31,10,,,,,,,,
31,30,,,,,,,,
31,50,777,0,0,0,0,26,0,0
31,70,3131,0,0,0,7,336,0,0
31,90,,,,,,,,
31,110,672,0,0,0,3,39,0,0
31,130,135,0,0,0,0,9,0,
31,150,735,0,0,0,0,92,0,0
31,170,,,,,,,,
31,190,517,0,0,0,2,18,0,0
31,210,,,,,,,,
31,230,,,,,,,,
31,250,,,,,,,,
31,270,,,,,,,,
31,290,,,,,,,,
31,310,3941,0,0,0,14,267,0,0
31,330,,,,,,,,
31,350,,,,,,,,
31,370,,,,,,,,
31,390,79,0,0,0,0,0,0,0
31,410,,,,,,,,
31,430,3873,0,0,0,0,99,0,0
31,450,2822,0,0,0,21,160,0,0
31,470,,,,,,,,
31,490,854,0,0,0,0,96,0,0
31,510,7264,0,0,0,33,775,0,0
31,530,965,0,0,0,0,88,0,0
31,550,1759,0,0,0,16,17,0,0
31,570,12988,4082,0,0,4,345,0,0
31,590,,,,,,,,
31,610,10841,3108,0,0,38,471,0,.69314718
31,630,,,,,,,,
31,650,825,0,0,0,0,1,0,0
31,670,,,,,,,,
31,690,,,,,,,,
31,710,1244,0,0,0,0,97,0,.4054651
31,730,,,,,,,,
31,750,,,,,,,,
31,770,,,,,,,,
31,790,,,,,,,,
31,810,,,,,,,,
31,830,,,,,,,,
31,850,,,,,,,,
31,870,8707,0,0,0,50,26,0,0
31,890,,,,,,,,
31,910,,,,,,,,
31,930,,,,,,,,
31,950,822,0,0,0,3,85,0,0
31,970,7210,0,0,0,40,343,0,.69314718
31,990,1280,0,0,0,0,114,0,0
31,1010,9904,0,0,0,11,651,0,0
31,1030,4472,0,0,0,21,160,0,.4054651
31,1050,3007,0,0,0,13,217,0,0
31,1070,4822,0,0,0,39,474,0,0
31,1090,,,,,,,,
31,1110,18861,0,0,1,38,617,0,0
31,1130,5444,0,0,0,38,5,0,.69314718
31,1150,4939,0,0,0,26,69,0,0
31,1170,471,0,0,0,0,12,0,0
31,1210,1179,0,0,0,2,56,0,0
31,1230,5989,0,0,0,21,90,0,0
31,1250,5482,0,0,0,23,225,0,0
31,1270,338,0,0,0,0,35,0,0
31,1290,,,,,,,,
31,1310,,,,,,,,
31,1330,,,,,,,,
31,1350,2884,0,0,0,13,75,0,0
31,1370,,,,,,,,
31,1390,5731,2540,0,0,25,47,0,0
31,1410,,,,,,,,
31,1430,,,,,,,,
31,1450,551,0,0,0,0,72,0,0
31,1470,,,,,,,,
31,1490,,,,,,,,
31,1510,,,,,,,,
31,1530,4513,0,0,0,16,477,0,0
31,1550,7828,0,0,0,0,26,0,0
31,1570,615,0,0,0,0,27,0,.4054651
31,1590,,,,,,,,
31,1610,,,,,,,,
31,1630,5986,0,0,1,40,94,4,0
31,1650,,,,,,,,
31,1670,,,,,,,,
31,1690,,,,,,,,
31,1710,8,0,0,0,0,0,0,0
31,1730,204,0,0,0,0,43,0,0
31,1750,,,,,,,,
31,1770,12270,0,0,0,100,663,0,.4054651
31,1790,8471,0,0,0,46,166,0,0
31,1810,961,0,0,0,2,45,0,0
31,1830,4957,0,0,0,37,243,0,0
31,1850,340,0,0,0,0,38,0,0
31,1870,,,,,,,,
31,1890,,,,,,,,
31,1910,546,0,0,0,0,22,0,0
31,1930,,,,,,,,
31,1950,,,,,,,,
31,1970,,,,,,,,
32,10,,,,,,,,
32,30,,,,,,,,
32,55,,,,,,,,
32,50,,,,,,,,
32,90,,,,,,,,
32,110,,,,,,,,
32,130,,,,,,,,
32,135,,,,,,,,
32,150,,,,,,,,
32,170,,,,,,,,
32,190,,,,,,,,
32,230,,,,,,,,
32,250,,,,,,,,
32,270,,,,,,,,
32,290,,,,,,,,
32,310,,,,,,,,
32,330,,,,,,,,
32,350,,,,,,,,
32,370,,,,,,,,
32,390,,,,,,,,
32,410,,,,,,,,
32,430,,,,,,,,
32,450,,,,,,,,
32,470,,,,,,,,
32,490,,,,,,,,
32,510,,,,,,,,
32,530,,,,,,,,
32,555,,,,,,,,
32,570,,,,,,,,
32,590,,,,,,,,
32,595,,,,,,,,
32,630,,,,,,,,
32,650,,,,,,,,
32,670,,,,,,,,
32,690,,,,,,,,
32,710,,,,,,,,
32,730,,,,,,,,
32,750,,,,,,,,
32,770,,,,,,,,
32,790,,,,,,,,
32,810,,,,,,,,
32,830,,,,,,,,
32,835,,,,,,,,
32,850,,,,,,,,
32,870,,,,,,,,
32,890,,,,,,,,
32,910,,,,,,,,
32,915,,,,,,,,
32,930,,,,,,,,
32,950,,,,,,,,
32,970,,,,,,,,
32,990,,,,,,,,
32,1010,,,,,,,,
32,1030,,,,,,,,
32,1050,,,,,,,,
32,1070,,,,,,,,
32,1090,,,,,,,,
32,1110,,,,,,,,
32,1150,,,,,,,,
32,1170,,,,,,,,
32,1190,,,,,,,,
32,1230,,,,,,,,
32,1250,,,,,,,,
32,1270,,,,,,,,
32,1290,,,,,,,,
32,1310,,,,,,,,
32,1350,,,,,,,,
32,1370,,,,,,,,
32,1390,,,,,,,,
32,1410,,,,,,,,
32,1430,,,,,,,,
32,1450,,,,,,,,
32,1470,,,,,,,,
32,1490,,,,,,,,
32,1510,,,,,,,,
32,1530,,,,,,,,
32,1550,,,,,,,,
32,1570,,,,,,,,
32,1590,,,,,,,,
32,1610,,,,,,,,
32,1630,,,,,,,,
32,1650,,,,,,,,
32,1670,,,,,,,,
32,1690,,,,,,,,
32,1710,,,,,,,,
32,1730,,,,,,,,
32,1750,,,,,,,,
32,1770,,,,,,,,
32,1790,,,,,,,,
32,1810,,,,,,,,
32,1830,,,,,,,,
32,1850,,,,,,,,
32,1870,,,,,,,,
32,1890,,,,,,,,
32,1910,,,,,,,,
32,1930,,,,,,,,
32,1950,,,,,,,,
32,1970,,,,,,,,
32,1990,,,,,,,,
32,2010,,,,,,,,
32,2030,,,,,,,,
32,2050,,,,,,,,
32,2070,,,,,,,,
32,2090,,,,,,,,
51,10,9898,0,0,0,47,857,0,0
51,30,8742,0,0,0,32,1294,0,.69314718
51,50,6260,0,0,0,11,417,0,.18232156
51,70,5496,0,0,0,16,587,0,0
51,90,20240,0,0,0,44,858,0,.9073621
51,110,12115,0,0,0,31,1039,0,.15415068
51,130,,,,,,,,
51,150,11185,0,0,0,26,485,0,0
51,170,14466,0,0,0,9,304,0,.74721438
51,190,,,,,,,,
51,210,9116,0,0,1,18,217,0,.91629076
51,230,8903,0,0,0,20,250,0,.69314718
51,250,3785,0,0,0,4,85,0,0
51,270,10593,0,0,0,30,504,0,.4054651
51,290,6774,0,0,0,0,580,0,0
51,310,5755,0,0,0,32,738,0,.28768209
51,330,13048,0,0,1,25,988,0,0
51,350,8096,0,0,0,26,543,0,0
51,370,13127,5895,0,0,21,664,0,.69314718
51,390,,,,,,,,
51,410,5526,0,0,0,20,157,0,0
51,430,6241,0,0,0,16,958,0,0
51,450,6556,0,0,0,33,821,0,0
51,470,19580,0,0,0,27,881,0,.4054651
51,490,12683,0,0,0,34,519,0,1.299283
51,510,5421,0,0,0,15,1214,0,0
51,530,4889,0,0,0,27,893,0,0
51,550,6351,0,0,0,25,736,0,.18232156
51,570,7005,0,0,0,27,622,0,.60613579
51,590,12362,0,0,0,,585,0,0
51,610,4088,0,0,0,7,561,0,.10536052
51,630,,,,,,,,
51,650,5985,0,0,0,10,928,0,0
51,670,22735,8159,0,2,33,807,0,.69314718
51,690,13914,0,0,0,43,1276,0,.92953598
51,710,5714,0,0,0,12,992,0,.36772478
51,730,12462,3308,0,0,19,1109,0,1.1631508
51,750,4446,0,0,0,5,510,0,0
51,770,5137,0,0,0,9,495,0,0
51,790,10237,0,0,0,0,140,0,0
51,810,6531,0,0,0,13,595,0,0
51,830,11397,0,0,0,41,914,0,0
51,850,6837,0,0,0,21,965,0,0
51,870,9060,0,0,0,20,323,0,0
51,890,9654,0,0,0,18,1009,0,0
51,910,3853,0,0,0,9,412,0,.18232156
51,930,14525,0,0,0,37,807,0,.78845733
51,950,4268,0,0,0,15,817,0,0
51,970,13064,0,0,0,42,360,0,0
51,990,9093,0,0,0,21,1198,0,.4054651
51,1010,12171,0,0,0,19,482,0,0
51,1030,11442,0,0,0,4,352,0,0
51,1050,4791,0,0,0,19,507,0,0
51,1070,12441,0,0,0,38,1011,0,0
51,1090,,,,,,,,
51,1110,59831,43194,43194,4,55,2577,0,2.3025851
51,1130,10249,0,0,0,21,551,0,0
51,1150,3873,0,0,0,11,484,0,0
51,1155,,,,,,,,
51,1170,17038,9408,0,1,32,981,0,.69314718
51,1190,,,,,,,,
51,1210,7050,0,0,0,39,1364,0,.42744401
51,1230,5859,0,0,0,20,576,0,0
51,1250,4145,0,0,0,6,146,0,0
51,1270,6281,0,0,0,34,1068,0,0
51,1290,,,,,,,,
51,1310,,,,,,,,
51,1330,2512,0,0,0,15,604,0,0
51,1350,7202,0,0,0,24,719,0,0
51,1370,10093,0,0,0,12,116,0,.2006707
51,1390,6578,0,0,0,15,439,0,.4054651
51,1410,16581,0,0,0,30,115,0,.59394056
51,1430,,,,,,,,
,,,,,,,,,
,,,,,,,,,
51,1510,15727,0,0,0,29,1293,0,0
51,1530,,,,,,,,
51,1550,11765,0,0,0,45,1025,0,.4054651
51,1570,5269,0,0,0,24,885,0,0
51,1590,,,,,,,,
51,1610,18344,3840,0,0,16,791,0,.91629076
51,1630,7393,0,0,0,0,333,0,.78845733
51,1650,,,,,,,,
51,1670,14067,0,0,1,24,716,0,1.2527629
51,1690,,,,,,,,
51,1710,7756,0,0,0,26,899,0,0
51,1730,9903,0,0,0,18,372,0,0
51,1750,7620,0,0,0,26,688,0,0
51,1770,9809,0,0,0,0,810,0,0
51,1790,14789,0,0,1,4,884,0,.69314718
51,1810,10361,0,0,0,29,801,0,0
51,1830,9749,0,0,0,43,640,0,0
51,1850,7629,0,0,1,17,16,0,.69314718
51,1870,10444,0,0,0,20,879,0,.69314718
51,1890,3774,0,0,0,0,773,0,0
51,1910,6774,0,0,0,15,80,0,0
51,1930,3092,0,0,0,0,689,0,0
51,1950,5365,0,0,0,6,1357,0,0
51,1970,,,,,,,,
51,1990,14195,0,0,0,68,435,0,.28768209
51,2010,,,,,,,,
51,2030,4697,0,0,0,17,455,0,0
51,2050,,,,,,,,
51,2070,5349,0,0,0,27,976,0,.69314718
51,2090,14946,0,0,1,1,742,0,.69314718
51,2110,17095,0,0,2,27,529,0,1.0986123
51,2130,7733,0,0,0,27,446,0,0
51,2150,6842,0,0,0,15,225,0,0
51,2170,7250,0,0,0,19,765,0,0
51,2190,12268,0,0,0,19,379,0,.15415068
51,2210,10129,0,0,0,25,687,0,0
51,2230,5963,0,0,0,16,191,0,.4054651
51,2250,9012,0,0,0,29,476,0,.69314718
51,2270,15123,0,0,0,40,835,0,.6649763
51,2290,12194,0,0,0,53,1200,0,.91629076
51,2310,8692,0,0,0,49,1245,0,.10536052
51,2330,,,,,,,,
51,2350,7447,0,0,0,47,1360,0,0
51,2370,,,,,,,,
51,2390,12423,0,0,0,12,197,0,0
45,10,,,,,,,,
45,30,,,,,,,,
45,50,10752,0,0,0,15,92,1,0
45,70,10538,0,0,0,18,1396,0,0
45,90,9326,0,0,0,22,705,0,0
45,110,,,,,,,,
45,130,5539,0,0,0,32,308,0,0
45,150,6962,0,0,0,22,72,0,0
45,170,8884,0,0,0,0,92,0,.4054651
45,190,3914,0,0,0,10,454,0,0
45,210,2815,0,0,0,14,116,0,0
45,230,,,,,,,,
,,,,,,,,,
45,250,7132,0,0,0,30,29,0,0
45,270,7471,0,0,0,28,367,0,0
45,290,7758,0,0,0,5,3,0,0
45,310,8023,0,0,0,12,82,0,0
45,330,11977,3905,0,0,12,268,0,.4054651
45,370,13598,0,0,0,6,28,0,1.0986123
45,390,,,,,,,,
45,410,3251,0,0,0,14,183,0,0
45,430,,,,,,,,
45,450,,,,,,,,
45,470,12278,0,0,0,9,161,0,0
45,490,5566,0,0,0,22,90,0,.69314718
45,510,25093,14190,0,0,14,1112,0,1.0986123
45,530,,,,,,,,
45,550,6720,0,0,0,7,777,0,0
45,570,9532,0,0,0,13,532,0,0
45,590,,,,,,,,
45,610,,,,,,,,
45,630,3385,0,0,0,24,327,0,0
45,650,8773,0,0,0,3,43,0,0
45,670,3913,0,0,0,5,78,0,0
45,690,14228,0,0,0,1,1180,0,.4054651
45,710,119460,116375,116375,3,31,7741,1,2.6026897
45,730,5008,0,0,0,12,194,0,0
45,750,7390,0,0,0,7,346,0,0
45,770,11339,0,0,1,8,492,0,0
45,790,16561,0,0,0,28,96,0,.91629076
45,810,,,,,,,,
45,830,,,,,,,,
45,850,4515,0,0,0,33,506,0,0
45,870,3802,0,0,0,3,350,0,.69314718
45,890,5120,0,0,0,2,1,0,0
45,910,4561,0,0,0,14,318,0,0
45,930,11098,0,0,0,8,304,0,0
45,950,7317,0,0,0,9,6,0,0
45,970,22253,0,0,1,32,2017,0,.69314718
45,990,11761,0,0,0,12,830,0,0
45,1010,13697,0,0,0,4,258,0,.69314718
45,1030,6364,0,0,0,22,543,0,0
45,1050,,,,,,,,
45,1070,9040,0,0,0,5,12,0,.4054651
45,1090,7724,0,0,0,9,648,0,0
45,1110,8203,0,0,0,20,199,0,0
,,,,,,,,,
45,1150,,,,,,,,
45,1170,3408,0,0,0,22,318,0,0
45,1190,,,,,,,,
45,1210,6270,0,0,0,7,185,0,0
45,1230,,,,,,,,
45,1250,13245,0,0,0,6,120,0,.69314718
45,1270,,,,,,,,
2,10,,,,,,,,
2,30,12529,0,0,0,66,778,1,0
2,50,79538,20815,0,2,436,1319,2,2.7725887
2,70,20027,0,0,0,260,65,0,.55961579
2,90,34372,0,0,0,264,168,0,0
2,110,62521,14711,0,1,426,625,2,2.2335923
2,130,,,,,,,,
2,150,74875,13072,0,0,408,769,0,2.0368819
2,170,39763,0,0,0,293,313,1,1.0986123
2,190,63089,14432,0,0,415,771,2,1.6094379
2,210,14735,0,0,0,103,34,0,.4054651
2,230,,,,,,,,
2,250,35581,0,0,0,367,219,0,.91629076
2,270,47230,5051,0,0,383,188,1,1.6094379
2,290,38811,4749,0,0,237,582,1,.69314718
2,310,60098,6095,0,0,384,451,1,1.658228
52,10,22769,6073,0,0,109,1139,0,.4054651
52,30,32393,3011,0,1,52,1032,1,0
52,50,210646,169054,169054,3,103,15804,0,2.6390574
52,70,9646,0,0,0,14,358,0,0
52,90,9692,0,0,0,25,1367,,.69314718
52,110,20616,0,0,1,0,314,0,1.0986123
52,130,18939,0,0,0,52,853,0,1.0986123
52,150,16162,0,0,0,29,728,1,0
52,170,18877,0,0,0,33,2991,,0
52,190,40987,6028,0,3,93,2342,1,.69314718
52,210,,,,,,,,
52,230,19356,0,0,0,30,866,0,0
52,250,,,,,,,,
52,270,11386,0,0,1,29,596,1,.69314718
52,290,15860,0,0,0,36,1638,2,0
52,310,21549,0,0,0,31,478,0,0
52,330,14484,0,0,0,30,2272,0,0
52,370,13698,0,0,1,24,3451,2,.69314718
52,350,22456,0,0,0,55,1318,,.4054651
52,390,13811,0,0,0,30,309,0,.69314718
52,410,30848,3879,0,1,83,1317,0,0
52,430,,,,,,,,
52,450,18859,0,0,0,49,2704,,0
52,5100,,,,,,,,
3,10,35276,8058,0,0,172,66,59,2.4203682
3,30,49591,12044,0,1,208,1088,44,2.8903718
3,50,76192,42608,0,0,287,2995,34,3.3214324
3,70,4540,0,0,0,23,7,3,1.5755364
3,90,131300,95909,0,1,402,2351,59,4.2799015
3,110,30870,0,0,0,257,239,71,2.8233612
3,130,51283,24237,0,0,243,1333,75,2.933857
3,150,35732,5278,0,1,218,409,30,2.4567358
3,170,161383,79788,33383,2,503,5356,103,4.6765604
3,190,8452,8452,0,0,15,86,0,0
3,210,78892,41166,0,0,233,3120,84,3.8931799
3,230,55697,11360,0,0,276,447,110,3.1966302
3,250,144517,143582,136881,0,222,7648,0,4.8716288
3,270,130789,31379,0,1,620,3200,120,3.873975
23,10,,,,,,,,
23,30,,,,,,,,
23,50,5125,0,0,0,44,133,0,0
23,70,,,,,,,,
23,90,,,,,,,,
23,110,,,,,,,,
23,130,,,,,,,,
23,150,5072,0,0,0,34,98,16,0
23,170,,,,,,,,
23,190,,,,,,,,
23,210,11417,0,0,0,67,49,6,1.3862944
23,230,12472,0,0,0,102,130,0,0
23,250,19162,0,0,0,142,121,6,0
23,270,10907,0,0,0,143,320,0,0
23,290,,,,,,,,
23,310,,,,,,,,
23,330,898,0,0,0,0,178,0,0
23,350,,,,,,,,
23,370,5102,0,0,0,37,94,0,0
23,390,,,,,,,,
23,410,,,,,,,,
23,430,,,,,,,,
23,450,7058,0,0,0,80,159,2,0
23,470,,,,,,,,
23,490,12031,0,0,0,102,108,8,.69314718
23,510,,,,,,,,
23,530,,,,,,,,
23,550,,,,,,,,
23,570,,,,,,,,
23,590,16159,0,0,0,131,298,0,.69314718
23,610,708,0,0,0,0,127,0,0
23,630,210,0,0,0,0,8,0,0
23,650,8631,0,0,0,77,165,3,0
23,670,7597,0,0,0,79,108,0,0
23,690,,,,,,,,
23,710,,,,,,,,
23,730,,,,,,,,
23,735,,,,,,,,
23,750,19431,0,0,1,138,179,3,1.0986123
23,770,13179,2507,0,1,96,15,0,1.0986123
23,790,,,,,,,,
23,810,12016,2686,0,0,83,92,0,0
23,830,,,,,,,,
23,850,,,,,,,,
23,870,7029,0,0,0,53,219,0,0
23,890,,,,,,,,
23,910,26372,0,0,0,173,357,20,0
23,930,13485,0,0,0,135,230,16,0
23,950,,,,,,,,
23,990,15530,0,0,0,93,390,0,0
23,1010,,,,,,,,
23,1015,,,,,,,,
23,1030,136,0,0,0,0,16,0,0
23,1050,93,0,0,0,0,0,0,0
23,1070,,,,,,,,
23,1090,,,,,,,,
,,,,,,,,,
23,1110,65,0,0,0,0,10,0,0
23,1130,,,,,,,,
23,1150,14698,2813,0,0,87,1192,2,.69314718
23,1170,891,0,0,0,0,6,0,0
23,1190,,,,,,,,
23,1210,,,,,,,,
23,1230,510,0,0,0,0,3,0,0
23,1250,31270,0,0,0,243,172,10,.69314718
23,1270,300,0,0,0,0,9,0,0
23,1290,,,,,,,,
23,1310,389,0,0,0,0,51,0,0
23,1330,,,,,,,,
23,1350,,,,,,,,
23,1370,,,,,,,,
23,1390,5587,0,0,0,21,85,3,0
23,1410,,,,,,,,
23,1430,,,,,,,,
23,1450,2609,0,0,0,0,45,0,0
23,1470,10420,0,0,0,54,98,0,.69314718
23,1490,12725,0,0,0,103,131,10,0
23,1510,2112,0,0,0,13,28,0,0
23,1530,16,0,0,0,0,0,0,0
23,1550,5230,0,0,0,56,15,11,0
23,1570,291,0,0,0,1,0,0,0
23,1590,5800,0,0,0,46,4,0,0
23,1610,28567,0,0,1,153,245,1,.69314718
23,1630,42756,21019,0,0,124,2047,2,.69314718
23,1650,,,,,,,,
33,10,,,,,,,,
33,30,,,,,,,,
33,50,,,,,,,,
33,70,,,,,,,,
33,90,418,0,0,0,0,1,,
33,110,,,,,,,,
33,130,,,,,,,,
33,150,,,,,,,,
33,155,,,,,,,,
33,170,,,,,,,,
33,190,,,,,,,,
33,210,,,,,,,,
33,230,,,,,,,,
33,250,,,,,,,,
33,270,,,,,,,,
33,290,,,,,,,,
33,310,,,,,,,,
33,330,,,,,,,,
33,350,,,,,,,,
33,370,584,0,0,0,0,86,,
33,390,,,,,,,,
33,410,,,,,,,,
33,430,,,,,,,,
33,450,,,,,,,,
33,470,,,,,,,,
33,490,,,,,,,,
33,510,,,,,,,,
33,530,,,,,,,,
33,550,,,,,,,,
33,570,,,,,,,,
33,590,,,,,,,,
33,610,97,0,0,0,0,0,,
33,630,,,,,,,,
33,650,,,,,,,,
33,670,,,,,,,,
33,710,,,,,,,,
33,730,,,,,,,,
33,750,,,,,,,,
33,790,,,,,,,,
33,810,,,,,,,,
33,830,,,,,,,,
,,,,,,,,,
33,870,,,,,,,,
,,,,,,,,,
33,890,,,,,,,,
33,910,,,,,,,,
33,930,,,,,,,,
33,950,,,,,,,,
33,955,,,,,,,,
33,970,,,,,,,,
33,990,,,,,,,,
33,1010,,,,,,,,
33,1030,,,,,,,,
33,1050,,,,,,,,
33,1070,,,,,,,,
33,1090,,,,,,,,
33,1110,,,,,,,,
33,1130,,,,,,,,
33,1135,,,,,,,,
33,1150,,,,,,,,
33,1170,,,,,,,,
33,1190,,,,,,,,
33,1210,,,,,,,,
33,1230,2227,0,0,0,0,107,,
33,1250,,,,,,,,
33,1270,,,,,,,,
33,1290,,,,,,,,
33,1310,,,,,,,,
33,1330,,,,,,,,
33,1350,,,,,,,,
,,,,,,,,,
33,1390,,,,,,,,
33,1410,,,,,,,,
33,1430,,,,,,,,
33,1450,,,,,,,,
33,1470,,,,,,,,
33,1490,,,,,,,,
33,1510,,,,,,,,
33,1530,,,,,,,,
33,1550,,,,,,,,
33,1570,243,0,0,0,0,52,,
33,1590,,,,,,,,
33,1610,,,,,,,,
33,1630,1056,0,0,0,0,0,,
33,1650,,,,,,,,
33,1690,,,,,,,,
33,1710,,,,,,,,
33,1730,,,,,,,,
46,10,18601,4434,0,0,15,2,0,.69314718
46,30,,,,,,,,
46,50,9694,0,0,0,21,44,0,0
46,70,10991,0,0,0,22,442,0,.69314718
46,90,,,,,,,,
46,110,2577,0,0,0,0,6,0,0
46,130,,,,,,,,
46,150,18491,0,0,0,31,313,100,1.3862944
46,170,16369,0,0,0,20,632,0,0
46,190,11402,0,0,0,19,890,0,.4054651
46,210,14941,0,0,1,23,84,0,0
46,230,5477,0,0,0,5,79,0,0
46,250,,,,,,,,
46,270,2780,0,0,0,6,164,0,0
46,290,11794,0,0,0,19,296,0,.91629076
46,310,3338,0,0,0,4,237,1,0
46,330,19042,0,0,0,32,120,0,.69314718
46,350,,,,,,,,
46,370,5904,0,0,0,7,218,0,0
46,390,,,,,,,,
46,410,2018,0,0,0,3,142,0,0
46,430,,,,,,,,
46,450,3672,0,0,0,8,211,0,0
46,470,4875,0,0,0,3,170,0,0
46,490,25340,0,0,1,28,159,0,.91629076
46,510,13928,0,0,1,23,109,0,0
46,530,,,,,,,,
46,550,4478,0,0,0,0,6,0,0
46,570,13528,0,0,0,28,409,0,0
46,590,3196,0,0,0,6,193,0,0
46,610,6184,0,0,0,12,308,0,0
46,630,13193,0,0,0,8,38,0,0
46,650,,,,,,,,
46,670,2164,0,0,0,4,293,0,0
46,690,12517,0,0,0,13,171,0,0
46,710,14069,0,0,2,20,239,0,0
46,730,,,,,,,,
46,750,8717,0,0,0,22,494,0,0
46,770,6478,0,0,0,10,241,0,0
46,790,5533,0,0,0,13,353,0,0
46,810,,,,,,,,
46,830,,,,,,,,
46,850,,,,,,,,
46,870,19544,2611,0,0,23,94,0,0
46,890,18173,0,0,1,14,46,0,0
46,910,4410,0,0,0,6,240,0,0
46,930,29689,0,0,3,13,659,0,0
46,950,21172,0,0,1,26,626,1,.4054651
46,970,,,,,,,,
46,990,4728,0,0,0,4,69,0,0
46,1010,4465,0,0,0,9,227,0,.4054651
46,1030,16299,0,0,0,30,51,0,.69314718
46,1050,9171,0,0,0,26,76,0,.4054651
46,1070,11444,0,0,0,18,181,0,0
46,1090,,,,,,,,
46,1110,2438,0,0,0,0,64,0,0
46,1130,7360,0,0,0,35,364,0,0
46,1150,17112,0,0,0,22,49,0,0
46,1170,,,,,,,,
46,1190,,,,,,,,
46,1210,7227,0,0,1,0,59,0,0
46,1230,3961,0,0,0,8,121,0,0
46,1250,,,,,,,,
46,1270,4734,0,0,0,13,369,0,.69314718
46,1290,4071,0,0,0,8,320,0,0
46,1310,,,,,,,,
46,1330,1102,0,0,0,0,10,0,0
46,1350,4643,0,0,0,8,120,0,0
46,1370,,,,,,,,
46,1390,20741,0,0,0,8,962,0,.69314718
46,1410,15490,0,0,0,22,866,0,.69314718
46,1430,1314,0,0,0,3,28,0,0
46,1450,,,,,,,,
46,1470,,,,,,,,
46,1490,18120,3678,0,0,10,135,1,.69314718
46,1510,8389,0,0,0,0,1,0,0
46,1530,2892,0,0,0,0,170,0,0
46,1550,,,,,,,,
46,1570,16914,0,0,0,25,110,0,.69314718
46,1590,7956,0,0,0,11,292,0,0
46,1610,17258,0,0,0,0,96,0,0
46,1630,14418,0,0,0,15,60,0,.69314718
34,10,2342,0,0,0,7,229,0,0
34,30,9433,0,0,0,64,939,0,0
34,50,1678,0,0,0,7,252,0,0
34,70,3506,0,0,0,13,221,0,0
34,90,3467,0,0,0,5,489,0,0
34,110,,,,,,,,
34,130,3669,0,0,0,5,230,0,0
34,150,5015,0,0,0,0,154,0,0
34,170,,,,,,,,
34,190,14979,0,0,1,123,590,0,.69314718
34,210,12975,0,0,0,25,637,0,0
34,230,1616,0,0,0,5,296,0,0
34,250,2316,0,0,0,4,102,0,0
34,270,13827,0,0,0,62,331,0,0
34,290,2338,0,0,0,0,266,0,0
34,310,13912,0,0,1,3,1054,0,.91629076
34,330,5441,0,0,0,14,489,0,0
34,350,,,,,,,,
34,370,6090,0,0,0,20,274,1,0
34,390,3361,0,0,0,8,269,4,0
34,410,7514,0,0,0,18,165,0,0
34,430,,,,,,,,
34,450,5527,0,0,0,30,190,0,0
34,470,10332,0,0,1,26,169,0,.69314718
34,490,3786,0,0,0,0,214,0,0
34,510,6696,0,0,0,21,128,0,.28768209
34,530,12950,0,0,0,16,329,0,1.0986123
34,550,6397,0,0,0,14,390,0,.28768209
34,570,4246,0,0,0,6,288,0,0
34,590,3648,0,0,0,15,574,0,0
34,610,5298,0,0,0,12,414,0,0
34,630,2075,0,0,0,0,204,0,0
34,650,,,,,,,,
34,655,375,0,0,0,2,20,0,
34,670,,,,,,,,
34,690,1229,0,0,0,2,230,0,0
34,710,11021,0,0,0,19,338,0,0
34,730,4996,0,0,0,3,236,0,0
34,750,4248,0,0,0,0,579,0,0
34,770,12785,0,0,0,10,524,0,0
34,790,3006,0,0,0,15,273,0,0
34,810,2447,0,0,0,3,333,0,0
34,830,4052,0,0,0,13,90,0,0
34,850,2329,0,0,0,6,157,0,0
34,870,3957,0,0,0,11,85,0,0
34,890,13969,0,0,0,49,111,0,.84729785
34,910,,,,,,,,
34,930,,,,,,,,
34,950,14000,0,0,0,32,258,0,1.0986123
34,970,4223,0,0,0,13,501,0,0
34,990,6928,0,0,0,11,405,0,.60613579
34,1010,7464,0,0,0,34,623,0,0
34,1030,2894,0,0,0,4,155,0,0
34,1050,2498,0,0,0,0,454,0,0
34,1070,13690,2698,0,0,35,148,0,1.2527629
34,1090,4859,0,0,0,20,213,1,0
34,1110,6578,0,0,0,12,47,0,.69314718
34,1130,9421,0,0,0,30,170,0,0
34,1150,4058,0,0,0,4,260,0,0
34,1170,4247,0,0,0,7,188,0,0
,,,,,,,,,
34,1210,6565,0,0,0,28,614,0,0
34,1230,6003,0,0,1,0,732,0,0
34,1250,,,,,,,,
34,1270,12230,0,0,0,43,211,2,.91629076
34,1290,2691,0,0,0,4,273,0,0
34,1310,3834,0,0,0,0,446,0,0
34,1330,3123,0,0,0,8,130,0,0
34,1350,6004,0,0,0,26,602,0,0
34,1370,10541,0,0,0,43,531,0,0
34,1390,5489,0,0,0,24,185,0,.69314718
34,1410,4650,0,0,0,14,398,0,0
34,1430,5541,0,0,0,20,397,0,0
34,1450,4268,0,0,0,12,240,0,0
34,1470,2118,0,0,0,0,272,0,0
34,1490,1432,0,0,0,5,276,0,0
34,1510,6704,0,0,0,7,666,0,0
34,1530,2294,0,0,0,0,525,0,0
34,1550,,,,,,,,
34,1570,7215,0,0,0,12,232,1,0
34,1590,5150,0,0,0,21,47,0,0
34,1610,,,,,,,,
34,1630,13609,0,0,0,56,422,0,.69314718
34,1650,16845,0,0,0,55,185,0,.4054651
34,1670,6186,0,0,0,22,723,0,0
34,1690,3998,0,0,0,5,758,0,0
34,1710,1636,0,0,0,10,136,0,0
34,1730,6151,0,0,0,41,120,0,0
34,1750,9439,0,0,0,21,194,0,.4054651
34,1770,10373,0,0,0,20,1046,0,.69314718
34,1790,1849,0,0,0,8,412,0,0
34,1810,2830,0,0,0,1,523,0,0
34,1830,11454,0,0,1,28,286,0,.4054651
34,1850,3556,0,0,0,5,193,0,0
34,1930,5313,0,0,0,4,654,0,0
34,1870,4964,0,0,0,11,551,0,0
34,1890,104978,77860,77860,4,60,1958,4,2.1594841
34,1950,8843,0,0,0,32,151,0,.69314718
34,1970,3287,0,0,0,12,318,0,1.0986123
34,1990,3782,0,0,0,6,343,0,0
34,2010,3182,0,0,0,0,251,0,0
34,2030,1199,0,0,0,0,216,0,0
34,2050,4253,0,0,0,17,45,0,0
34,2070,4277,0,0,0,0,843,0,0
34,2090,,,,,,,,
34,2110,2983,0,0,0,0,293,0,0
34,2130,4373,0,0,0,0,644,0,0
34,2150,2312,0,0,0,1,367,0,0
34,2170,,,,,,,,
34,2190,5860,0,0,0,0,31,0,.91629076
34,2210,8811,0,0,0,20,686,0,0
34,2230,4518,0,0,0,10,735,0,0
34,2250,,,,,,,,
34,2270,,,,,,,,
34,2290,3387,0,0,0,0,565,0,0
34,5100,,,,,,,,
64,10,,,,,,,,
64,30,,,,,,,,
64,50,,,,,,,,
64,70,,,,,,,,
64,90,,,,,,,,
64,110,,,,,,,,
64,130,,,,,,,,
64,150,,,,,,,,
64,170,,,,,,,,
64,190,,,,,,,,
64,210,,,,,,,,
64,230,,,,,,,,
64,250,,,,,,,,
64,270,,,,,,,,
64,290,,,,,,,,
64,310,,,,,,,,
64,330,,,,,,,,
64,350,,,,,,,,
64,370,,,,,,,,
64,390,,,,,,,,
64,410,,,,,,,,
64,430,,,,,,,,
64,450,,,,,,,,
64,470,,,,,,,,
64,510,,,,,,,,
64,530,,,,,,,,
64,570,,,,,,,,
64,590,,,,,,,,
64,610,,,,,,,,
64,630,,,,,,,,
64,650,,,,,,,,
64,670,,,,,,,,
64,690,,,,,,,,
64,710,,,,,,,,
64,730,,,,,,,,
64,750,,,,,,,,
64,770,,,,,,,,
64,790,,,,,,,,
64,810,,,,,,,,
64,830,,,,,,,,
64,850,,,,,,,,
64,870,,,,,,,,
64,890,,,,,,,,
64,910,,,,,,,,
64,930,,,,,,,,
64,950,,,,,,,,
64,970,,,,,,,,
64,990,,,,,,,,
64,1010,,,,,,,,
64,1030,,,,,,,,
64,1050,,,,,,,,
64,1070,,,,,,,,
64,1090,,,,,,,,
64,1110,,,,,,,,
35,10,,,,,,,,
35,30,,,,,,,,
35,50,,,,,,,,
35,70,,,,,,,,
35,75,,,,,,,,
35,90,,,,,,,,
35,110,,,,,,,,
35,130,,,,,,,,
35,150,,,,,,,,
35,170,,,,,,,,
35,190,,,,,,,,
35,210,,,,,,,,
35,230,,,,,,,,
35,250,,,,,,,,
35,270,,,,,,,,
35,290,,,,,,,,
35,310,,,,,,,,
35,330,,,,,,,,
35,350,,,,,,,,
35,370,,,,,,,,
35,390,,,,,,,,
35,410,,,,,,,,
35,430,,,,,,,,
35,450,,,,,,,,
35,470,,,,,,,,
35,490,,,,,,,,
35,510,,,,,,,,
35,530,,,,,,,,
35,550,,,,,,,,
35,570,,,,,,,,
35,590,,,,,,,,
35,610,,,,,,,,
35,630,,,,,,,,
35,650,,,,,,,,
35,670,,,,,,,,
35,690,,,,,,,,
35,710,,,,,,,,
35,730,,,,,,,,
35,750,,,,,,,,
35,770,,,,,,,,
35,790,,,,,,,,
35,810,,,,,,,,
35,830,,,,,,,,
35,835,,,,,,,,
35,850,,,,,,,,
35,870,,,,,,,,
35,890,,,,,,,,
35,910,,,,,,,,
35,930,,,,,,,,
35,935,,,,,,,,
35,950,,,,,,,,
35,990,,,,,,,,
35,1010,,,,,,,,
35,1030,,,,,,,,
35,1050,,,,,,,,
35,1090,,,,,,,,
35,1110,,,,,,,,
35,1130,,,,,,,,
35,1150,,,,,,,,
35,1190,,,,,,,,
35,1210,,,,,,,,
35,1215,,,,,,,,
35,1230,,,,,,,,
35,1250,,,,,,,,
35,1270,,,,,,,,
35,1290,,,,,,,,
35,1310,,,,,,,,
35,1330,,,,,,,,
35,1350,,,,,,,,
35,1370,,,,,,,,
35,1390,,,,,,,,
35,1410,,,,,,,,
35,1430,,,,,,,,
35,1450,,,,,,,,
35,1470,,,,,,,,
35,1490,,,,,,,,
35,1510,,,,,,,,
35,1530,,,,,,,,
35,1550,,,,,,,,
35,1570,,,,,,,,
35,1590,,,,,,,,
35,1610,,,,,,,,
35,1630,,,,,,,,
35,1650,,,,,,,,
35,1670,,,,,,,,
35,1690,,,,,,,,
35,1710,,,,,,,,
35,1730,,,,,,,,
35,1750,,,,,,,,
35,1770,,,,,,,,
35,1790,,,,,,,,
35,1810,,,,,,,,
35,1830,,,,,,,,
35,1850,,,,,,,,
65,10,,,,,,,,
65,30,,,,,,,,
65,50,,,,,,,,
65,70,,,,,,,,
65,90,,,,,,,,
65,110,,,,,,,,
65,130,,,,,,,,
65,150,,,,,,,,
65,170,,,,,,,,
65,190,,,,,,,,
65,210,,,,,,,,
65,230,,,,,,,,
65,250,,,,,,,,
65,279,,,,,,,,
65,290,,,,,,,,
65,310,,,,,,,,
65,330,,,,,,,,
4,10,17721,0,0,0,158,77,0,.91629076
4,30,20157,0,0,0,200,68,0,.69314718
4,50,30144,0,0,0,234,233,0,.69314718
4,70,11853,0,0,0,132,113,0,0
4,90,42343,0,0,1,401,232,0,1.6094379
4,110,57478,22874,0,0,345,555,0,1.6094379
4,130,40337,8576,0,0,300,564,0,2.1400661
4,150,49194,9738,0,0,264,394,2,1.0986123
4,170,29374,13139,0,0,161,709,0,.69314718
4,190,19375,0,0,0,186,64,1,.69314718
12,10,8961,0,0,0,26,1027,0,0
12,30,14725,0,0,0,63,588,0,0
12,50,43203,4536,0,2,170,1813,1,1.6094379
12,70,25422,9479,0,0,57,792,0,0
12,90,6433,0,0,0,20,269,0,.4054651
12,110,17189,0,0,0,63,240,0,0
12,130,73950,44477,38894,0,76,2890,2,1.3862944
12,150,14655,0,0,0,50,292,0,.69314718
12,170,21822,6856,0,0,14,1576,0,1.0986123
12,190,28990,0,0,0,108,615,1,.91629076
12,210,27992,6461,0,1,56,928,4,1.0986123
12,230,28635,0,0,1,104,391,1,.91629076
12,250,30313,0,0,0,100,1469,0,.4054651
12,270,30158,0,0,0,104,519,0,.69314718
12,290,10032,0,0,0,41,745,0,0
12,310,22569,11334,0,0,31,2323,0,.69314718
12,330,19467,3052,0,0,79,669,0,0
12,350,19692,0,0,0,85,104,1,0
12,370,22989,0,0,0,131,1018,0,0
12,390,,,,,,,,
12,410,22358,0,0,0,100,397,0,0
66,10,7751,0,0,0,0,3163,,
66,30,,,,,,,,
66,50,,,,,,,,
66,70,,,,,,,,
66,90,,,,,,,,
66,130,,,,,,,,
66,150,,,,,,,,
66,170,,,,,,,,
66,190,,,,,,,,
66,210,,,,,,,,
66,230,,,,,,,,
66,250,,,,,,,,
66,270,,,,,,,,
66,290,,,,,,,,
66,310,,,,,,,,
66,330,,,,,,,,
66,350,,,,,,,,
66,370,,,,,,,,
66,390,10668,0,0,0,0,4317,,
66,410,,,,,,,,
66,430,,,,,,,,
66,450,,,,,,,,
66,470,7074,0,0,0,0,2763,,
66,490,7713,4539,0,0,0,3031,,
66,510,,,,,,,,
66,530,,,,,,,,
66,550,9507,0,0,0,0,3695,,
66,570,,,,,,,,
66,590,,,,,,,,
66,610,14189,0,0,0,0,6021,,
13,10,93279,62556,50763,1,201,3184,205,3.7450335
13,30,37808,0,0,0,163,509,204,2.4586387
13,50,,,,,,,,
13,70,30660,0,0,0,237,340,198,2.5501299
13,90,38950,0,0,0,242,1902,238,2.3324556
13,110,55458,9548,0,1,259,1002,267,3.1948433
13,130,50493,0,0,0,318,743,312,3.0380008
13,150,28821,0,0,0,160,252,90,2.4054425
13,170,40311,0,0,0,465,324,382,2.7417102
13,190,40047,0,0,0,158,6454,158,2.3978953
13,210,43073,6286,0,0,188,2076,172,2.8086853
13,230,25140,0,0,1,193,60,184,2.2329543
13,250,39834,0,0,0,302,234,305,2.8661613
13,270,58992,11511,0,0,217,2433,173,3.4211686
13,290,100993,42261,42261,1,332,4070,298,3.7877905
13,310,31148,0,0,0,174,1149,159,1.9834615
13,330,25102,0,0,0,143,2333,130,1.9947003
13,350,20171,0,0,0,109,1023,109,2.1459312
13,370,28488,0,0,0,182,268,157,2.4952695
13,390,33126,0,0,0,176,834,178,2.2256527
13,410,2188,0,0,0,24,128,22,0
13,430,38244,0,0,0,206,1379,144,3.0099952
13,450,68153,0,0,0,323,1577,397,2.6823006
13,470,138882,127618,127618,0,43,9244,23,4.686007
13,490,24564,0,0,0,114,473,144,1.6160824
13,510,40875,0,0,0,215,866,196,2.6397374
13,530,43072,0,0,1,253,1132,258,3.0167809
13,550,87650,36403,36403,1,247,1856,240,3.8235989
13,570,31992,0,0,0,120,573,125,2.4384401
13,590,,,,,,,,
13,610,515547,515547,515547,5,118,18807,21,5.858614
13,630,42276,0,0,0,166,1487,144,2.5331297
13,650,99566,17565,0,1,385,2729,350,3.7071524
13,670,85890,22271,0,0,276,3274,272,3.8466375
13,690,43929,0,0,1,205,855,194,3.1946008
13,710,57145,0,0,1,175,701,103,3.0764852
13,730,28501,0,0,0,140,208,141,2.2782435
13,750,62198,12205,0,0,301,2080,264,3.3897834
13,770,48638,0,0,1,326,770,298,3.1065972
13,790,14138,0,0,0,85,857,65,1.6422278
13,810,36833,0,0,1,77,1672,64,2.8677185
13,830,73363,28785,28785,0,200,2814,146,3.3147774
13,850,15061,0,0,0,19,348,18,2.3371015
13,870,16962,0,0,0,38,1064,36,2.4357376
,,,,,,,,,
13,910,45646,0,0,0,212,1083,216,3.3461237
13,930,20054,8921,0,1,75,54,71,1.8718022
13,950,33548,0,0,0,183,621,170,2.7153738
13,970,,,,,,,,
13,990,25441,0,0,0,109,193,105,2.0238099
13,1010,63771,0,0,0,355,1806,346,2.8731468
13,1030,36922,0,0,0,153,823,140,2.7429883
13,1050,25088,0,0,0,138,257,136,1.9914557
13,1070,24880,0,0,0,140,781,140,2.1044245
13,1090,38746,0,0,0,239,289,236,2.9327376
13,1110,59384,0,0,0,176,2398,172,2.8437552
13,1130,17199,2717,0,0,119,159,119,1.8191584
13,1150,44750,0,0,0,229,845,190,2.7039969
13,1170,44953,0,0,0,229,864,230,2.9696815
13,1190,58263,0,0,1,143,1744,139,2.9357548
13,1210,31981,0,0,0,262,535,260,2.6528506
13,1230,20590,0,0,0,107,208,111,1.7594986
47,10,11444,0,0,0,35,260,0,0
47,30,5220,0,0,0,36,408,0,.69314718
47,50,,,,,,,,
47,70,13489,0,0,0,49,491,0,0
47,90,8777,0,0,0,34,629,0,0
47,110,,,,,,,,
47,130,13816,0,0,0,43,1676,0,0
47,150,12851,0,0,0,32,1038,0,.69314718
47,170,9767,0,0,0,39,670,0,.51082563
47,190,7272,0,0,0,17,503,0,0
47,210,13425,0,0,0,57,1734,0,0
47,230,7772,0,0,0,32,1159,0,0
47,250,9747,0,0,0,36,861,0,0
47,270,6317,0,0,0,24,1126,0,0
47,290,6049,0,0,0,10,1015,0,0
47,310,6939,0,0,0,20,781,0,0
47,330,15269,0,0,0,30,1166,0,0
47,350,8862,0,0,0,43,363,0,0
47,370,18449,0,0,0,38,765,0,0
47,390,6838,0,0,0,30,448,0,0
47,410,6721,0,0,0,13,498,0,0
47,430,,,,,,,,
47,450,10396,0,0,0,50,1253,0,0
47,470,5909,0,0,0,21,649,0,0
47,490,14709,4681,0,0,45,1999,0,0
47,510,20610,4646,0,0,56,1811,0,0
47,530,7236,0,0,0,12,1004,0,0
47,550,,,,,,,,
47,570,15320,0,0,0,60,1488,0,.69314718
47,590,7866,0,0,0,20,891,0,0
47,610,13514,0,0,0,16,1435,0,0
47,630,,,,,,,,
47,650,17189,0,0,0,43,2033,0,0
47,670,11168,0,0,0,41,1012,1,0
47,690,11713,0,0,0,28,1097,0,0
47,710,8073,0,0,0,,1308,0,0
47,730,8426,0,0,0,12,1104,0,0
47,750,,,,,,,,
47,770,21249,0,0,0,48,2364,0,0
47,790,6619,0,0,0,14,309,0,0
47,810,19754,0,0,1,58,1730,0,0
47,830,16589,0,0,0,32,282,0,0
47,850,,,,,,,,
47,870,7074,0,0,0,43,1147,0,0
47,890,6853,0,0,0,42,2,0,0
47,910,8142,0,0,0,13,860,0,0
47,930,,,,,,,,
47,950,7636,0,0,0,16,694,0,0
47,970,14719,0,0,0,76,488,0,0
47,990,,,,,,,,
47,1010,13726,0,0,0,48,1494,0,.69314718
47,1030,5038,0,0,0,12,362,0,0
47,1050,,,,,,,,
47,1070,7828,0,0,0,8,655,0,0
47,1090,7746,0,0,0,2,179,0,0
47,1110,6246,0,0,0,30,749,0,0
47,1130,6389,0,0,0,41,971,0,0
47,1150,,,,,,,,
47,1170,8307,0,0,0,25,141,0,0
47,1190,13914,0,0,1,45,189,0,.69314718
47,1210,,,,,,,,
47,1230,6872,0,0,0,34,558,0,0
47,1250,9342,0,0,0,31,1029,0,0
47,1270,10657,0,0,0,31,1514,0,0
47,1290,17668,7264,0,0,39,457,0,0
47,1310,13335,0,0,0,18,1674,0,.4054651
47,1330,8283,0,0,0,12,1006,0,0
47,1350,17055,0,0,1,53,1475,0,.28768209
47,1370,,,,,,,,
47,1390,8950,0,0,0,16,241,0,0
47,1410,,,,,,,,
47,1430,7332,0,0,0,15,839,0,0
47,1450,10781,0,0,0,,657,0,0
47,1470,13397,0,0,0,31,1170,0,0
47,1490,,,,,,,,
47,1510,15832,0,0,0,62,1991,0,.4054651
47,1530,9818,0,0,0,27,739,0,0
47,1550,12826,0,0,1,61,986,0,0
47,1570,14495,0,0,0,24,1313,0,0
47,1590,13870,0,0,0,43,1259,0,0
47,1610,13550,0,0,0,81,1297,0,0
47,1630,14585,0,0,0,59,1574,0,0
47,1650,,,,,,,,
47,1670,6922,0,0,0,33,1000,0,0
47,1690,9206,0,0,0,36,1721,0,1.0986123
47,1710,18443,0,0,0,63,3249,0,0
47,1730,,,,,,,,
47,1750,,,,,,,,
47,1770,5133,0,0,0,20,641,0,0
47,1790,10051,0,0,0,27,1019,0,0
47,1810,,,,,,,,
47,1830,24888,4518,0,1,64,2642,0,.69314718
47,1850,13912,0,0,0,30,590,0,0
47,1870,5664,0,0,0,15,316,0,0
47,1890,3400,0,0,0,12,519,0,0
47,1910,13486,0,0,0,34,1678,0,.69314718
47,1930,12099,0,0,0,69,967,0,0
47,1950,,,,,,,,
47,1970,,,,,,,,
47,1990,8205,0,0,0,42,1011,0,.69314718
36,10,,,,,,,,
36,30,,,,,,,,
36,50,,,,,,,,
36,70,,,,,,,,
36,90,,,,,,,,
36,110,,,,,,,,
36,115,,,,,,,,
36,130,,,,,,,,
36,150,,,,,,,,
36,170,,,,,,,,
36,190,,,,,,,,
36,195,,,,,,,,
36,210,,,,,,,,
36,230,,,,,,,,
36,250,,,,,,,,
36,270,,,,,,,,
36,290,,,,,,,,
36,295,,,,,,,,
36,310,,,,,,,,
36,315,,,,,,,,
36,330,,,,,,,,
36,350,,,,,,,,
36,370,,,,,,,,
36,390,,,,,,,,
36,410,,,,,,,,
36,430,,,,,,,,
36,450,,,,,,,,
36,470,,,,,,,,
36,570,,,,,,,,
36,590,,,,,,,,
36,610,,,,,,,,
36,630,,,,,,,,
36,650,,,,,,,,
36,670,,,,,,,,
36,690,,,,,,,,
36,710,,,,,,,,
36,730,,,,,,,,
36,750,,,,,,,,
36,770,,,,,,,,
36,790,,,,,,,,
36,810,,,,,,,,
36,830,,,,,,,,
36,850,,,,,,,,
36,870,,,,,,,,
36,890,,,,,,,,
36,910,,,,,,,,
36,915,,,,,,,,
36,930,,,,,,,,
36,950,,,,,,,,
36,970,,,,,,,,
36,985,,,,,,,,
36,990,,,,,,,,
36,1010,,,,,,,,
36,1030,,,,,,,,
36,1050,,,,,,,,
24,10,18883,0,0,0,85,625,0,.49643689
24,30,12109,0,0,0,108,370,0,0
24,50,23813,0,0,1,96,211,0,.94908059
24,70,28767,0,0,0,218,172,0,1.4947751
24,90,18215,0,0,1,201,521,0,.22314355
24,110,11338,0,0,0,5,156,0,.38946477
24,130,34600,0,0,0,194,1383,0,.33135715
24,150,27332,0,0,0,79,1677,0,.22314355
24,170,30789,3210,0,1,130,1427,1,0
24,190,17685,0,0,0,110,1414,0,0
24,210,19782,0,0,0,108,314,0,.97186059
24,230,22178,5108,0,1,167,391,1,1.2527629
24,250,30455,0,0,0,254,2585,0,.91629076
24,270,18838,0,0,0,107,1292,0,0
24,290,33621,0,0,0,151,900,0,1.4987724
24,310,25674,0,0,0,169,2000,0,0
24,330,18177,0,0,0,187,18,0,.4054651
24,350,48099,17034,0,2,195,736,0,1.4663371
24,370,20276,0,0,0,146,976,0,.69314718
24,390,6966,0,0,0,60,268,0,0
24,410,21817,0,0,1,142,354,0,.91629076
24,430,18568,5087,0,0,216,351,0,1.3217559
24,450,30264,3483,0,0,143,2009,0,.13353139
24,470,12726,0,0,0,73,804,0,.84729785
24,490,42909,17882,0,4,203,750,0,1.2527629
24,510,7781,0,0,0,0,224,0,0
24,530,17063,0,0,0,130,951,0,1.1451323
24,550,17827,0,0,0,234,3,2,.84729785
24,570,21946,3024,0,0,112,904,0,1.5755364
24,590,30438,0,0,1,130,1420,0,.81093019
24,610,156844,115435,115435,6,144,3774,0,3.1362703
24,630,16751,0,0,0,159,494,0,.11778303
24,650,8251,0,0,0,26,127,0,0
24,670,20157,0,0,1,121,1585,0,.31845373
24,690,3434,0,0,0,29,36,0,0
24,710,25781,0,0,0,144,558,2,.69314718
24,730,14119,0,0,0,83,870,0,0
24,750,20452,0,0,0,123,319,0,.28768209
24,770,26203,0,0,0,190,330,0,.94908059
24,790,12719,0,0,0,88,660,0,.90672129
24,810,29133,6140,0,0,131,414,1,1.4663371
24,830,28872,3711,0,1,180,403,0,.94908059
24,850,14654,0,0,0,115,16,0,.69314718
24,870,15246,0,0,0,71,1927,0,.69314718
24,890,38846,3654,0,1,374,371,2,1.3862944
24,910,19162,0,0,0,140,278,0,0
24,930,26086,0,0,1,170,266,0,1.2527629
24,950,12363,3829,0,0,130,410,0,.69314718
24,970,10015,0,0,0,89,628,0,0
24,990,23735,0,0,0,164,388,0,1.7635885
24,1010,12618,0,0,0,131,309,0,0
24,1030,24441,0,0,0,182,214,0,.49643689
24,1050,17971,0,0,0,123,599,0,1.1451323
24,1070,7712,0,0,0,65,462,0,.4054651
24,1090,24999,3277,0,0,184,704,0,1.2286655
24,1110,28351,0,0,0,175,1848,0,.75377178
24,1130,38218,10977,0,0,104,228,0,1.4799799
24,1150,28585,0,0,0,251,1016,0,.81093019
24,1170,20280,0,0,0,181,917,0,0
24,1190,45049,7929,0,1,300,1569,0,1.7079896
24,1210,,,,,,,,
24,1230,3308,0,0,0,26,273,1,0
24,1250,1766,0,0,0,0,62,0,0
24,1270,20775,0,0,1,0,1098,0,.69314718
24,1290,21006,3411,0,0,115,1448,0,.69314718
24,1310,10953,0,0,0,57,1488,0,.4054651
24,1330,24419,0,0,0,317,179,0,.63808739
24,1350,21736,0,0,0,104,382,0,0
24,1370,7221,0,0,0,68,521,0,0
24,1390,30879,3557,0,0,216,175,0,1.2039728
24,1410,32074,7100,0,0,154,2950,1,1.0986123
24,1430,14305,0,0,0,120,756,0,.69314718
24,1450,18428,4011,0,0,37,104,0,.65058756
24,1470,27104,2718,0,0,161,373,0,.15415068
24,1490,13958,0,0,0,83,735,0,0
24,1510,39878,2603,0,0,201,742,0,.84729785
24,1530,27485,3266,0,1,186,770,0,1.5040774
24,1550,30490,0,0,0,286,231,0,1.178655
24,1570,31761,0,0,0,130,1715,1,1.299283
24,1590,12204,0,0,0,171,703,0,0
24,1610,4793,0,0,0,55,121,0,.69314718
24,1630,9353,0,0,0,69,1017,0,0
24,1650,25560,0,0,0,54,820,0,.98082924
24,1670,29540,3175,0,1,216,1207,0,1.299283
24,1690,32981,2797,0,0,140,723,1,1.3862944
24,1710,8018,0,0,0,102,176,0,0
24,1730,9157,0,0,0,73,18,0,0
24,1750,11194,0,0,0,0,307,0,.69314718
53,10,,,,,,,,
53,30,,,,,,,,
53,50,,,,,,,,
53,70,,,,,,,,
53,90,,,,,,,,
53,110,,,,,,,,
53,130,,,,,,,,
53,150,,,,,,,,
53,170,,,,,,,,
53,190,,,,,,,,
53,210,,,,,,,,
53,230,,,,,,,,
53,250,,,,,,,,
53,270,,,,,,,,
53,290,,,,,,,,
53,310,,,,,,,,
53,330,,,,,,,,
53,350,,,,,,,,
53,370,,,,,,,,
53,390,,,,,,,,
53,410,,,,,,,,
53,430,,,,,,,,
53,450,,,,,,,,
53,470,,,,,,,,
53,490,,,,,,,,
53,510,,,,,,,,
53,530,,,,,,,,
53,550,,,,,,,,
53,570,,,,,,,,
53,590,,,,,,,,
53,610,,,,,,,,
53,630,,,,,,,,
53,650,,,,,,,,
53,670,,,,,,,,
53,690,,,,,,,,
53,710,,,,,,,,
53,730,,,,,,,,
53,750,,,,,,,,
53,770,,,,,,,,
53,790,,,,,,,,
53,810,,,,,,,,
53,830,,,,,,,,
53,850,,,,,,,,
53,870,,,,,,,,
53,890,,,,,,,,
53,910,,,,,,,,
53,930,,,,,,,,
53,950,,,,,,,,
53,970,,,,,,,,
53,990,,,,,,,,
53,1010,,,,,,,,
53,1030,,,,,,,,
53,1050,,,,,,,,
53,1070,,,,,,,,
53,1090,,,,,,,,
53,1110,,,,,,,,
53,1130,,,,,,,,
53,1150,,,,,,,,
53,1170,,,,,,,,
53,1190,,,,,,,,
53,1210,,,,,,,,
53,1230,,,,,,,,
53,1270,,,,,,,,
53,1290,,,,,,,,
53,1310,,,,,,,,
53,1330,,,,,,,,
53,1350,,,,,,,,
53,1370,,,,,,,,
53,1390,,,,,,,,
53,1410,,,,,,,,
53,1430,,,,,,,,
53,1450,,,,,,,,
53,1470,,,,,,,,
53,1490,,,,,,,,
53,1510,,,,,,,,
53,1530,,,,,,,,
72,10,,,,,,,,
72,30,814,0,0,0,0,0,,
72,50,1859,0,0,0,3,3,,
72,70,462,0,0,0,0,5,,
72,90,,,,,,,,
72,110,,,,,,,,
72,130,,,,,,,,
72,150,,,,,,,,
72,170,,,,,,,,
72,190,,,,,,,,
72,210,,,,,,,,
72,230,,,,,,,,
72,250,,,,,,,,
72,270,,,,,,,,
72,290,,,,,,,,
72,310,,,,,,,,
72,330,,,,,,,,
72,350,,,,,,,,
72,370,,,,,,,,
72,390,,,,,,,,
72,410,,,,,,,,
72,430,994,0,0,0,0,0,,
72,450,,,,,,,,
72,470,2749,0,0,0,0,148,,
72,490,,,,,,,,
72,510,,,,,,,,
72,530,1051,0,0,0,0,0,,
72,550,,,,,,,,
72,570,,,,,,,,
72,590,,,,,,,,
72,610,,,,,,,,
72,605,,,,,,,,
72,630,,,,,,,,
72,650,,,,,,,,
72,670,2652,0,0,0,0,0,,
72,690,,,,,,,,
72,710,1512,0,0,0,0,0,,
14,10,25981,0,0,2,133,1196,0,1.6259673
14,30,138290,71595,46601,2,254,4465,1,3.8026865
14,50,29560,0,0,0,170,986,0,2.154803
14,70,26689,0,0,0,140,364,0,2.42554
14,90,23052,0,0,0,175,663,0,1.0986123
14,110,77129,15743,0,0,249,1342,1,2.3429499
14,130,21777,0,0,0,101,1085,0,1.8277346
14,150,42831,0,0,0,308,958,0,2.2064412
14,170,56091,2570,0,0,199,1337,0,2.6852527
14,190,30346,0,0,0,138,620,1,1.9511033
14,210,17773,0,0,0,101,2057,0,1.7197859
14,230,,,,,,,,
14,250,15686,2557,0,0,53,1123,0,.91629076
14,270,23355,0,0,0,102,1229,0,1.3242923
14,290,66438,5842,0,0,251,2464,2,3.0677207
14,310,23565,0,0,0,79,596,0,1.7564201
14,330,12586,0,0,0,82,101,0,.896088
14,350,11207,0,0,0,3,214,0,1.0414538
14,370,17710,0,0,0,93,1637,0,1.5475625
14,390,37849,2578,0,1,307,32,0,2.0468655
14,410,34327,4581,0,1,160,1446,1,2.5370924
14,430,35754,7834,0,0,149,1807,0,2.3265805
14,450,24679,0,0,1,73,978,0,2.430685
14,470,3531,0,0,0,18,195,0,0
14,490,38742,5858,0,0,281,746,0,2.4709203
14,510,39112,0,0,1,183,1522,0,1.8799403
14,530,,,,,,,,
14,550,39904,3335,0,1,177,1460,0,2.1559064
14,570,7567,0,0,0,46,172,0,.13353139
14,590,22136,0,0,1,143,1197,1,1.4605511
14,610,24786,0,0,0,141,618,0,1.3821189
14,630,27170,0,0,0,198,461,0,1.8908504
14,650,13518,0,0,0,80,388,0,1.2762935
14,670,13029,0,0,0,50,146,0,1.0986123
14,690,,,,,,,,
14,710,98944,16509,0,1,349,2503,3,3.2330244
14,730,21079,0,0,0,91,184,0,1.3609766
14,750,26071,0,0,0,130,371,0,1.4508328
14,770,32479,3779,0,0,140,290,0,1.8272339
14,790,56072,7668,0,0,185,2287,0,2.2662935
14,810,26257,0,0,0,157,143,0,2.130214
14,830,5254,0,0,0,46,106,0,.69314718
14,850,33172,0,0,0,213,260,0,1.8629721
14,870,14980,2733,0,0,73,219,0,.78845733
14,890,13270,0,0,0,97,686,0,1.8071171
14,910,58291,6024,0,0,174,842,0,3.0512459
14,930,13239,3302,0,0,76,788,0,1.8405496
14,950,40235,7250,0,1,174,1158,1,1.8895917
14,970,23272,0,0,0,85,1431,0,1.7933456
14,990,20088,0,0,0,112,556,0,1.3375041
14,1010,408762,351825,340045,6,240,15186,13,5.4977517
14,1030,5881,0,0,0,30,433,0,.69314718
14,1050,6048,0,0,0,58,36,0,.69314718
14,1070,60713,13546,0,0,149,5887,2,2.6366735
14,1090,,,,,,,,
14,1110,24416,0,0,0,145,2651,0,1.3486913
14,1130,3694,0,0,0,27,292,0,0
14,1150,28688,0,0,1,234,399,0,.4054651
14,1170,23987,0,0,0,183,840,0,1.4663371
14,1190,26083,0,0,1,99,1353,0,1.5705981
14,1210,18310,0,0,0,125,269,0,.8614825
14,1230,13671,0,0,0,102,229,0,1.2527629
14,1250,44939,2662,0,2,251,764,4,2.9772289
14,1270,21890,0,0,0,120,478,0,1.658228
14,1290,51726,0,0,0,234,343,0,2.4280229
14,1310,10655,0,0,0,66,194,0,.37320426
14,1330,57450,6863,0,0,259,1489,0,2.6539125
5,10,8514,4616,0,0,15,176,5,0
5,30,15068,7740,0,0,48,292,2,0
5,50,20007,9563,0,0,60,581,1,.69314718
5,70,87526,60165,41513,1,203,2215,4,2.1972246
5,90,16430,0,0,0,90,343,0,1.3862944
48,10,32318,0,0,1,48,233,0,1.0986123
48,30,,,,,,,,
48,50,,,,,,,,
48,70,21475,0,0,0,39,1027,0,0
48,90,,,,,,,,
48,110,26608,0,0,0,30,705,0,0
48,130,38805,0,0,0,28,243,1,.91629076
48,150,,,,,,,,
48,170,,,,,,,,
48,190,72805,42985,42985,3,28,228,1,1.5040774
48,210,,,,,,,,
48,230,18038,0,0,0,16,242,0,0
48,250,10790,0,0,0,17,1239,0,.4054651
48,270,,,,,,,,
48,290,39505,0,0,0,5,825,0,1.2527629
48,310,16831,0,0,0,13,276,0,1.0986123
48,330,,,,,,,,
48,350,,,,,,,,
48,370,39262,0,0,0,40,565,0,0
48,390,21404,0,0,1,36,159,0,0
48,410,,,,,,,,
48,430,20647,0,0,0,12,12,0,0
48,450,20156,0,0,0,48,1845,0,.69314718
48,470,,,,,,,,
48,490,,,,,,,,
48,510,7646,0,0,0,26,193,0,0
48,530,,,,,,,,
48,550,14473,0,0,0,16,99,0,0
48,570,10988,0,0,0,24,317,0,0
48,590,23407,0,0,0,36,426,0,.28768209
48,610,,,,,,,,
48,630,12930,0,0,0,18,635,0,0
48,670,17407,0,0,0,16,799,0,.4054651
48,690,10789,0,0,0,21,792,0,0
48,710,20143,0,0,0,20,2,1,0
48,730,,,,,,,,
48,750,23582,0,0,0,42,596,0,.28768209
48,755,,,,,,,,
48,770,16904,0,0,0,17,2207,0,1.0986123
48,790,20243,6060,0,3,16,83,0,1.3862944
48,810,,,,,,,,
48,830,26400,0,0,0,50,35,0,.60613579
48,850,33220,0,0,0,24,1062,0,.69314718
48,870,19851,0,0,0,21,902,0,1.0986123
48,890,12447,0,0,0,12,281,0,0
48,910,19433,0,0,0,5,536,0,0
37,10,,,,,,,,
37,30,,,,,,,,
37,50,,,,,,,,
37,70,,,,,,,,
37,90,,,,,,,,
37,95,,,,,,,,
37,110,,,,,,,,
37,130,,,,,,,,
37,150,,,,,,,,
37,170,,,,,,,,
37,190,,,,,,,,
37,210,,,,,,,,
37,230,,,,,,,,
37,245,,,,,,,,
37,250,,,,,,,,
37,270,,,,,,,,
37,290,,,,,,,,
37,310,,,,,,,,
37,330,,,,,,,,
37,350,,,,,,,,
37,370,,,,,,,,
37,390,,,,,,,,
37,410,,,,,,,,
37,430,,,,,,,,
37,450,,,,,,,,
37,455,,,,,,,,
37,470,,,,,,,,
37,490,,,,,,,,
37,510,,,,,,,,
37,530,,,,,,,,
37,550,,,,,,,,
37,570,,,,,,,,
37,590,,,,,,,,
37,610,,,,,,,,
37,630,,,,,,,,
37,650,,,,,,,,
37,670,,,,,,,,
37,690,,,,,,,,
37,710,,,,,,,,
37,730,,,,,,,,
37,750,,,,,,,,
37,770,,,,,,,,
37,790,,,,,,,,
37,810,,,,,,,,
37,830,,,,,,,,
37,850,,,,,,,,
37,910,,,,,,,,
37,915,,,,,,,,
37,930,,,,,,,,
37,950,,,,,,,,
37,955,,,,,,,,
37,970,,,,,,,,
37,990,,,,,,,,
37,1010,,,,,,,,
37,1015,,,,,,,,
37,1030,,,,,,,,
37,1070,,,,,,,,
37,1075,,,,,,,,
37,1078,,,,,,,,
37,1110,,,,,,,,
37,1115,,,,,,,,
37,1125,,,,,,,,
37,1130,,,,,,,,
37,1150,,,,,,,,
37,1170,,,,,,,,
37,1175,,,,,,,,
37,1190,,,,,,,,
37,1210,,,,,,,,
37,1230,,,,,,,,
37,1250,,,,,,,,
37,1270,,,,,,,,
37,1290,,,,,,,,
37,1310,,,,,,,,
37,1330,,,,,,,,
37,1350,,,,,,,,
37,1370,,,,,,,,
54,10,6938,0,0,0,28,1214,0,1.0986123
54,30,21511,0,0,0,60,862,0,0
54,50,6315,0,0,0,30,892,0,.69314718
54,70,5959,0,0,0,25,901,0,0
54,90,12424,0,0,1,19,381,0,.4054651
54,110,12259,0,0,0,,219,0,0
54,130,6068,0,0,0,26,1233,0,0
54,150,8982,0,0,0,35,782,0,.28768209
54,170,15967,0,0,1,26,966,0,0
54,190,6296,0,0,0,22,1018,0,0
54,210,,,,,,,,
54,230,,,,,,,,
54,250,9369,0,0,0,41,1459,0,.69314718
54,270,,,,,,,,
54,290,8300,0,0,0,10,1642,0,.18232156
54,310,8351,0,0,0,30,1069,0,.28768209
54,330,,,,,,,,
54,350,,,,,,,,
54,370,38882,10165,0,2,29,1731,0,.4054651
54,390,6003,0,0,0,30,884,0,0
54,410,8016,0,0,0,34,1451,0,.18232156
54,430,8404,0,0,0,39,1013,0,0
54,450,6361,0,0,0,13,638,0,0
54,470,26719,0,0,1,32,113,0,.69314718
54,490,4454,0,0,0,16,556,0,0
54,510,13768,0,0,0,27,36,0,0
54,530,19548,0,0,0,40,1500,0,.4054651
54,550,25949,0,0,0,53,1253,0,0
54,570,12370,0,0,0,56,2429,0,1.2527629
54,590,17824,0,0,0,21,3043,0,.18232156
54,610,2773,0,0,0,16,551,0,0
54,630,,,,,,,,
54,650,10075,0,0,0,40,550,0,0
54,670,5660,0,0,0,45,1211,0,0
54,690,17456,0,0,0,34,637,0,0
54,710,10328,0,0,0,47,1535,0,0
54,730,13370,0,0,0,53,455,0,0
54,750,17259,0,0,0,11,443,0,.18232156
54,770,13164,0,0,0,40,951,0,0
54,790,18233,0,0,0,60,414,0,.28768209
54,810,9397,0,0,0,,831,0,.22314355
54,830,,,,,,,,
54,850,6422,0,0,0,11,882,0,0
54,870,15673,0,0,0,78,1883,0,0
54,875,,,,,,,,
54,890,13204,0,0,1,47,1469,0,0
54,910,3705,0,0,0,16,758,0,0
54,930,18807,0,0,1,81,2437,0,1.0986123
54,950,,,,,,,,
54,970,5169,0,0,0,6,81,0,.69314718
54,990,9280,0,0,0,60,567,0,0
54,1010,4438,0,0,0,25,576,0,0
54,1030,23492,0,0,0,57,1844,0,1.178655
54,1050,,,,,,,,
54,1070,13906,0,0,0,41,1556,0,0
54,1090,12864,0,0,0,58,1489,0,.4054651
54,1110,6948,0,0,0,34,922,0,.69314718
54,1130,21470,0,0,2,48,358,0,0
54,1150,6314,0,0,0,34,419,0,.22314355
54,1170,15616,0,0,0,75,1142,0,0
54,1190,29520,2977,0,1,34,959,2,0
54,1210,4879,0,0,0,24,950,0,0
54,1230,11874,0,0,1,49,1956,0,0
54,1250,21045,0,0,1,4,54,0,0
54,1270,,,,,,,,
54,1290,3430,0,0,0,27,267,0,0
54,1310,7633,0,0,0,2,863,0,0
54,1330,11211,0,0,0,41,1559,0,0
54,1350,5821,0,0,0,23,946,0,.22314355
54,1370,,,,,,,,
54,1390,6338,0,0,0,33,685,0,0
54,1410,,,,,,,,
54,1430,4415,0,0,0,6,414,0,0
54,1450,12185,0,0,0,45,2146,0,0
54,1470,16145,0,0,0,0,1183,0,0
54,1490,29122,0,0,1,51,1188,0,.28768209
54,1510,1905,0,0,0,0,14,0,0
54,1530,,,,,,,,
54,1550,6920,0,0,0,40,1009,0,0
54,1570,31157,8841,0,0,68,656,0,0
54,1590,18412,0,0,0,53,1873,0,.22314355
54,1610,9719,0,0,0,25,332,0,.28768209
54,1630,11742,0,0,0,42,795,0,0
54,1650,22717,0,0,0,51,112,0,1.3437347
54,1670,8887,0,0,0,11,173,0,0
54,1690,,,,,,,,
54,1710,,,,,,,,
54,1730,,,,,,,,
54,1750,2674,0,0,1,11,277,0,0
54,1770,10179,0,0,1,39,1481,0,0
54,1790,13861,0,0,1,65,1738,0,.4054651
54,1810,8170,0,0,0,42,892,0,.69314718
54,1830,14608,0,0,0,5,1677,0,0
54,1850,11444,0,0,0,59,1626,0,0
54,1870,27201,0,0,0,9,899,0,.4054651
54,1890,27443,0,0,1,49,649,0,.66782939
49,10,2884,0,0,0,3,172,0,0
49,30,,,,,,,,
49,50,1165,0,0,0,4,148,0,0
49,70,,,,,,,,
49,90,,,,,,,,
49,110,,,,,,,,
49,130,,,,,,,,
49,150,3841,0,0,0,7,51,0,.69314718
49,170,,,,,,,,
49,190,,,,,,,,
49,210,3099,0,0,0,0,62,0,0
49,230,,,,,,,,
49,250,,,,,,,,
49,270,,,,,,,,
49,290,6052,3488,0,0,1,1179,0,1.0986123
49,310,,,,,,,,
49,330,,,,,,,,
49,350,,,,,,,,
49,370,2912,0,0,0,0,52,0,0
49,390,4841,0,0,0,0,15,0,0
49,410,614,0,0,0,4,38,0,0
49,430,,,,,,,,
49,450,,,,,,,,
49,470,,,,,,,,
49,490,,,,,,,,
49,495,,,,,,,,
49,510,1713,0,0,0,6,98,0,0
49,530,,,,,,,,
49,550,1329,0,0,0,7,69,0,0
49,570,1110,0,0,0,4,6,0,0
49,590,,,,,,,,
49,610,,,,,,,,0
49,630,,,,,,,,
49,650,,,,,,,,
,,,,,,,,,
49,690,,,,,,,,
49,710,,,,,,,,
49,730,6673,0,0,0,17,331,0,0
49,750,,,,,,,,
49,770,,,,,,,,
49,790,,,,,,,,
49,810,,,,,,,,
49,830,,,,,,,,
49,850,1950,0,0,0,11,171,0,0
49,870,,,,,,,,
49,890,2257,0,0,0,6,0,0,.69314718
49,910,1723,0,0,0,3,13,0,0
49,930,,,,,,,,
49,950,,,,,,,,
49,970,220,0,0,0,2,18,0,0
49,990,,,,,,,,
49,1010,,,,,,,,
49,1030,,,,,,,,
49,1050,,,,,,,,
49,1070,,,,,,,,
49,1090,,,,,,,,
49,1110,,,,,,,,
49,1130,2743,0,0,0,10,285,0,.4054651
49,1150,,,,,,,,
49,1170,,,,,,,,
49,1190,,,,,,,,
49,1210,641,0,0,0,5,47,0,0
49,1230,1716,0,0,0,0,2,0,0
49,1250,,,,,,,,
49,1270,,,,,,,,
49,1290,,,,,,,,
49,1310,,,,,,,,
49,1330,,,,,,,,
49,1350,,,,,,,,
49,1370,,,,,,,,
49,1390,989,0,0,,,38,0,0
49,1410,,,,,,,,
49,1415,,,,,,,,
49,1430,,,,,,,,
49,1450,,,,,,,,
49,1470,3788,0,0,0,26,291,0,1.0986123
49,1490,3756,0,0,0,5,42,2,.69314718
49,1510,,,,,,,,
49,1530,,,,,,,,
49,1550,,,,,,,,
49,1570,2533,0,0,0,3,6,0,.69314718
49,1590,,,,,,,,
49,1610,,,,,,,,
49,1630,,,,,,,,
49,1650,,,,,,,,
49,1670,4529,4177,0,0,1,22,0,0
49,1690,,,,,,,,
49,1710,1240,0,0,0,4,0,0,0
49,1730,,,,,,,,
49,1750,648,0,0,0,1,9,0,0
49,1770,1492,0,0,0,1,6,0,0
49,1790,,,,,,,,
49,1810,2008,0,0,0,11,200,0,0
49,1830,,,,,,,,
49,1850,4008,0,0,0,5,165,0,0
49,1870,1511,0,0,0,0,40,0,0
49,1890,,,,,,,,
49,1910,,,,,,,,
49,1930,,,,,,,,
49,1950,,,,,,,,
49,1970,,,,,,,,
49,1990,,,,,,,,
49,2010,4668,0,0,0,0,124,0,0
49,2030,11822,0,0,0,16,132,0,.69314718
49,2050,,,,,,,,
49,2070,,,,,,,,
49,2090,387,0,0,0,1,16,0,0
49,2110,,,,,,,,
49,2130,1237,0,0,0,7,110,0,0
49,2150,,,,,,,,
49,2170,,,,,,,,
49,2190,,,,,,,,
49,2210,,,,,,,,
49,2230,2623,0,0,0,0,0,0,0
49,2250,2721,0,0,0,0,225,0,0
49,2270,,,,,,,,
49,2290,,,,,,,,
49,2310,1520,0,0,0,1,177,0,0
49,2330,,,,,,,,
49,2350,,,,,,,,
49,2370,,,,,,,,
49,2390,996,0,0,0,1,2,0,0
49,2410,1767,0,0,0,6,85,0,0
49,2430,,,,,,,,
49,2450,1836,0,0,0,6,113,0,0
49,2470,,,,,,,,
49,2490,,,,,,,,
49,2510,,,,,,,,
49,2530,,,,,,,,
49,2550,,,,,,,,
49,2570,1047,0,0,0,6,115,0,0
49,2590,,,,,,,,
49,2610,,,,,,,,
49,2630,,,,,,,,
49,2650,,,,,,,,
49,2670,,,,,,,,
49,2690,,,,,,,,
49,2710,,,,,,,,
49,2730,,,,,,,,
49,2750,,,,,,,,
49,2770,3978,0,0,0,6,11,0,0
49,2790,,,,,,,,
49,2810,,,,,,,,
49,2830,,,,,,,,
49,2850,1571,0,0,0,0,70,0,0
49,2870,,,,,,,,
49,2890,1946,0,0,0,5,55,0,0
49,2910,2522,0,0,0,5,30,0,0
49,2930,2608,0,0,0,3,80,0,0
49,2950,,,,,,,,
49,2970,,,,,,,,
49,2990,,,,,,,,
49,3010,,,,,,,,
49,3030,,,,,,,,
49,3050,,,,,,,,
,,,,,,,,,
49,3130,,,,,,,,
49,3150,,,,,,,,
49,3170,,,,,,,,
49,3190,,,,,,,,
49,3210,2124,0,0,0,0,14,0,0
49,3230,,,,,,,,
49,3250,909,0,0,0,2,39,0,0
49,3270,,,,,,,,
49,3290,,,,,,,,
49,3310,2907,0,0,0,7,215,0,1.0986123
49,3330,,,,,,,,
49,3350,,,,,,,,
49,3370,,,,,,,,
49,3390,2384,0,0,0,0,63,0,0
49,3410,,,,,,,,
49,3430,,,,,,,,
49,3450,,,,,,,,
49,3470,5193,0,0,1,12,420,0,0
49,3490,2190,0,0,,,231,0,0
49,3510,1689,0,0,0,6,126,0,0
49,3530,,,,,,,,
49,3550,698,0,0,0,0,149,0,0
49,3570,,,,,,,,
49,3590,,,,,,,,
49,3610,,,,,,,,
49,3630,,,,,,,,
49,3650,3871,0,0,0,4,62,0,.91629076
49,3670,,,,,,,,
49,3690,,,,,,,,
49,3710,,,,,,,,
49,3730,2348,0,0,0,1,112,0,1.0986123
49,3750,,,,,,,,
49,3770,,,,,,,,
49,3790,,,,,,,,
49,3810,,,,,,,,
49,3830,,,,,,,,
49,3850,,,,,,,,
49,3870,3906,0,0,0,0,157,1,.69314718
49,3890,,,,,,,,
49,3910,288,0,0,0,1,0,0,0
49,3930,,,,,,,,
49,3950,934,0,0,0,2,2,0,0
49,3970,,,,,,,,
49,3990,,,,,,,,
49,4010,8148,0,0,0,5,45,0,0
49,4030,2498,0,0,0,5,37,0,0
49,4050,3648,0,0,0,9,59,0,0
49,4070,,,,,,,,
49,4090,200,0,0,0,1,24,0,0
49,4110,,,,,,,,
49,4130,,,,,,,,
49,4150,,,,,,,,
49,4170,,,,,,,,
49,4190,4239,0,0,0,12,126,0,0
49,4210,,,,,,,,
49,4230,4292,0,0,0,6,208,0,0
49,4250,,,,,,,,
49,4270,,,,,,,,
49,4310,,,,,,,,
49,4330,,,,,,,,
49,4350,,,,,,,,
49,4370,,,,,,,,
49,4390,664,0,0,,,55,0,0
49,4410,,,,,,,,
49,4430,,,,,,,,
49,4450,,,,,,,,
49,4470,,,,,,,,
49,4490,3636,0,0,0,2,49,0,.69314718
49,4510,,,,,,,,
49,4530,3138,0,0,0,6,85,0,0
49,4550,,,,,,,,
49,4570,1894,0,0,0,2,0,0,0
49,4590,3394,0,0,0,6,233,0,.4054651
49,4610,,,,,,,,
49,4630,,,,,,,,
49,4650,,,,,,,,
49,4670,1348,0,0,0,0,197,0,0
49,4690,2019,0,0,0,0,15,0,0
49,4710,3964,0,0,0,10,171,0,1.2527629
49,4730,,,,,,,,
49,4750,,,,,,,,
49,4770,5983,0,0,1,3,1,0,1.0986123
49,4790,,,,,,,,
49,4810,1752,0,0,0,0,0,0,0
49,4830,,,,,,,,
49,4850,,,,,,,,
49,4870,,,,,,,,
49,4890,,,,,,,,
49,4910,1568,0,0,0,4,172,0,.69314718
49,4930,,,,,,,,
49,4950,,,,,,,,
49,4970,,,,,,,,
49,4990,,,,,,,,
49,5010,,,,,,,,
49,5030,,,,,,,,
49,5050,,,,,,,,
67,10,,,,,,,,
67,30,,,,,,,,
67,50,,,,,,,,
67,70,,,,,,,,
67,90,,,,,,,,
67,110,1134,0,0,0,0,9,,
67,130,,,,,,,,
67,150,,,,,,,,
67,170,,,,,,,,
67,190,,,,,,,,
67,210,360,0,0,0,0,8,,
67,230,,,,,,,,
67,250,,,,,,,,
67,270,,,,,,,,
67,290,,,,,,,,
67,310,,,,,,,,
67,330,,,,,,,,
67,350,6157,0,0,1,12,64,,
67,370,,,,,,,,
67,390,365,0,0,0,1,2,,
67,410,,,,,,,,
67,430,,,,,,,,
67,450,152,0,0,0,0,0,,
67,470,,,,,,,,
67,490,2026,0,0,0,0,54,,
67,510,,,,,,,,
67,530,,,,,,,,
67,550,,,,,,,,
67,570,1186,0,0,0,0,17,,
6,10,26549,0,0,1,196,665,0,.69314718
6,30,18589,0,0,0,152,170,0,0
6,50,23595,0,0,0,213,391,1,1.0986123
6,70,29036,6110,0,1,165,1309,0,1.0986123
6,90,4650,0,0,0,59,16,0,0
6,110,28586,0,0,0,208,1520,0,0
6,130,4145,0,0,0,26,383,0,0
6,150,10872,0,0,0,101,30,0,.69314718
6,170,27296,0,0,0,275,154,2,0
6,190,15707,0,0,0,133,157,0,0
6,210,33059,0,0,1,360,729,0,1.0986123
6,230,24654,0,0,0,223,176,11,1.0986123
6,250,29062,0,0,0,259,410,2,1.0986123
6,270,38320,0,0,2,361,130,0,1.3862944
40,10,17890,0,0,0,27,2143,0,0
40,30,25800,0,0,1,40,725,0,1.0986123
,,,,,,,,,
40,50,3515,0,0,0,8,249,0,0
40,70,9770,0,0,0,9,142,0,.18232156
40,90,12699,0,0,0,25,217,0,0
40,110,9193,0,0,0,19,332,0,0
40,150,24610,0,0,0,23,505,0,0
40,155,9005,0,0,0,56,1241,0,0
40,170,3426,0,0,0,3,11,0,.69314718
40,190,24080,0,0,0,31,1428,0,0
40,195,11771,0,0,0,22,456,0,0
40,210,,,,,,,,
40,215,3237,0,0,0,7,551,0,.28768209
40,230,14908,0,0,0,17,826,0,.69314718
40,235,4212,0,0,0,0,316,0,0
40,245,5054,0,0,1,2,252,0,0
40,250,13894,0,0,0,10,167,0,0
40,270,,,,,,,,
40,290,13837,0,0,0,14,568,0,.69314718
40,295,6299,0,0,0,11,648,0,0
,,,,,,,,,
40,310,23245,8071,0,0,30,578,0,1.0986123
40,330,18456,0,0,0,30,630,0,.69314718
40,350,5909,0,0,0,45,958,0,0
40,360,5200,0,0,0,0,462,0,0
40,370,13955,0,0,0,27,245,0,0
40,410,17489,0,0,0,30,1103,0,.28768209
40,430,7352,0,0,0,5,119,0,0
,,,,,,,,,
40,450,,,,,,,,
40,470,12282,0,0,0,24,328,0,.28768209
40,490,9751,0,0,0,15,231,0,.18232156
40,510,,,,,,,,
40,530,25118,14010,0,0,21,2344,2,1.3862944
40,535,2750,0,0,0,16,299,0,0
40,550,4586,0,0,0,4,243,0,.18232156
40,570,10206,0,0,0,6,519,0,0
40,590,10682,0,0,1,3,616,0,.81093019
40,610,20868,0,0,0,25,526,0,.28768209
40,615,3955,0,0,0,5,372,0,0
40,630,6458,0,0,0,31,1086,0,0
40,650,9487,0,0,0,22,427,0,0
40,670,17430,0,0,0,16,814,0,0
40,690,15975,3857,0,0,18,135,0,0
40,710,6570,0,0,0,30,637,0,0
40,715,3475,0,0,0,18,327,0,0
40,730,10527,0,0,0,12,1007,0,.22314355
40,750,10352,0,0,0,23,580,0,.22314355
40,770,6677,0,0,0,10,131,0,0
40,775,10022,0,0,0,60,859,0,.49643689
40,790,4400,0,0,0,10,495,0,0
40,810,5639,0,0,0,6,184,0,0
40,830,25962,0,0,0,14,707,0,.81093019
,,,,,,,,,
,,,,,,,,,
40,850,15153,0,0,0,18,441,0,1.2527629
40,855,9543,0,0,0,38,1123,0,0
40,865,11728,0,0,0,71,306,0,.91629076
40,870,43572,27570,27570,2,31,2769,0,1.4987724
40,890,8872,0,0,0,23,812,0,.33135715
40,910,4227,0,0,0,7,54,0,0
40,930,9353,0,0,0,9,914,0,0
40,935,6544,0,0,0,45,861,0,0
40,950,4020,0,0,1,8,52,0,.69314718
40,955,15357,0,0,0,27,444,0,1.2216724
40,965,15353,0,0,0,65,1650,0,.4054651
40,970,10319,0,0,0,22,563,0,0
40,990,5971,0,0,0,10,320,0,.18232156
40,1010,8779,0,0,0,14,331,0,0
40,1030,4708,0,0,0,11,244,0,0
40,1050,10267,0,0,0,45,1773,0,0
40,1055,10031,0,0,0,47,1083,0,0
40,1065,3620,0,0,0,10,677,0,0
40,1070,22079,0,0,0,150,1061,0,1.0986123
40,1090,16691,0,0,0,31,461,0,0
40,1110,11692,0,0,0,17,207,0,.84729785
40,1130,9331,0,0,0,20,284,0,.28768209
40,1141,10552,0,0,0,34,1180,0,0
40,1145,10138,0,0,0,25,1031,0,0
40,1148,7539,0,0,0,31,994,0,0
,,,,,,,,,
,,,,,,,,,
40,1170,20630,0,0,1,24,639,0,.4054651
40,1175,4222,0,0,0,20,578,0,0
40,1190,4394,0,0,0,8,117,0,0
40,1195,12387,0,0,0,34,1215,1,.13353139
,,,,,,,,,
40,1210,8359,0,0,0,13,450,0,0
40,1215,3557,0,0,0,22,436,0,0
40,1230,12283,0,0,0,22,1004,0,0
40,1250,12758,0,0,0,20,554,0,.28768209
40,1270,6064,0,0,0,12,190,0,0
40,1275,3963,0,0,0,17,52,0,0
40,1290,33036,22952,0,0,30,2479,0,.69314718
40,1310,7498,0,0,0,13,252,0,0
40,1330,7346,0,0,0,14,532,1,0
40,1350,8437,0,0,0,17,64,0,0
40,1355,18006,11435,0,0,33,145,0,.91629076
40,1370,10067,0,0,0,15,299,0,0
40,1390,7600,0,0,0,23,1090,0,0
40,1410,9609,0,0,0,35,918,0,.4054651
,,,,,,,,,
40,1430,28796,0,0,0,34,776,2,.18232156
,,,,,,,,,
40,1445,3598,0,0,0,10,100,0,0
40,1450,8178,0,0,0,17,,0,.69314718
40,1455,11708,0,0,0,42,859,0,0
40,1470,11857,0,0,1,24,338,0,0
40,1490,7596,0,0,0,10,381,0,0
40,1510,7669,0,0,0,21,970,0,0
40,1530,8129,0,0,0,15,785,0,0
40,1550,5118,0,0,0,12,503,0,0
40,1555,5335,0,0,0,4,842,0,0
40,1565,1765,0,0,0,0,102,0,0
40,1567,5243,0,0,0,16,601,0,0
40,1570,9782,0,0,0,15,515,0,0
40,1590,6448,0,0,0,12,573,0,.28768209
40,1595,3902,0,0,0,18,307,0,0
,,,,,,,,,
40,1610,8477,0,0,0,9,322,0,0
40,1630,16045,0,0,2,18,236,0,0
40,1650,20294,0,0,0,97,2761,0,1.4213856
40,1670,11919,0,0,0,27,1758,0,0
40,1690,9829,0,0,0,50,860,0,0
40,1710,13768,0,0,0,3,279,0,.4054651
40,1730,8162,0,0,0,22,509,0,.69314718
40,1750,13521,0,0,0,20,1804,0,0
40,1770,14911,4061,0,0,18,113,0,.28768209
40,1790,8044,0,0,0,13,211,0,.28768209
40,1810,5679,0,0,0,5,699,0,0
40,1830,9820,0,0,0,17,379,0,0
40,1835,5367,0,0,1,0,112,0,0
40,1850,9942,0,0,0,36,1506,0,0
,,,,,,,,,
40,1859,5498,0,0,0,5,578,0,.13353139
,,,,,,,,,
40,1870,6607,0,0,0,12,435,0,.28768209
40,1875,1546,0,0,0,4,59,0,0
40,1910,14612,0,0,1,36,394,0,1.0986123
40,1915,4760,0,0,0,11,496,0,0
,,,,,,,,,
40,1930,8080,0,0,0,13,398,0,.22314355
40,1935,4284,0,0,0,2,633,0,0
40,1945,3353,0,0,0,30,66,0,0
40,1950,,,,,,,,
40,1955,9450,0,0,0,17,295,0,.81093019
40,1965,1645,0,0,0,0,277,0,0
40,1970,12024,0,0,0,21,1727,0,0
40,1990,4460,0,0,0,6,307,0,.69314718
40,5100,,,,,,,,
40,7100,,,,,,,,
40,7600,,,,,,,,
40,7700,,,,,,,,
40,8300,,,,,,,,
73,10,,,,,,,,
73,30,,,,,,,,
73,50,,,,,,,,
73,70,,,,,,,,
73,90,,,,,,,,
73,110,,,,,,,,
73,130,,,,,,,,
73,150,,,,,,,,
73,170,,,,,,,,
73,190,,,,,,,,
73,210,,,,,,,,
73,230,,,,,,,,
73,250,,,,,,,,
73,290,,,,,,,,
73,310,,,,,,,,
73,330,,,,,,,,
73,350,,,,,,,,
73,370,,,,,,,,
73,410,,,,,,,,
73,430,,,,,,,,
73,450,,,,,,,,
73,470,,,,,,,,
73,490,,,,,,,,
73,510,,,,,,,,
73,530,,,,,,,,
73,550,,,,,,,,
73,570,,,,,,,,
73,590,,,,,,,,
73,610,,,,,,,,
73,630,,,,,,,,
73,650,,,,,,,,
73,670,,,,,,,,
73,690,,,,,,,,
73,710,,,,,,,,
73,730,,,,,,,,
73,750,,,,,,,,
73,770,,,,,,,,
56,10,,,,,,,,
56,30,,,,,,,,
56,50,,,,,,,,
56,70,,,,,,,,
56,90,,,,,,,,
56,110,,,,,,,,
56,130,,,,,,,,
56,150,,,,,,,,
56,170,,,,,,,,
56,190,,,,,,,,
56,210,,,,,,,,
56,230,,,,,,,,
56,250,,,,,,,,
56,270,,,,,,,,
56,290,,,,,,,,
56,310,,,,,,,,
56,330,,,,,,,,
56,350,,,,,,,,
56,370,,,,,,,,
56,390,,,,,,,,
56,410,,,,,,,,
56,430,,,,,,,,
56,450,,,,,,,,
56,470,,,,,,,,
56,490,,,,,,,,
56,510,,,,,,,,
56,530,,,,,,,,
56,550,,,,,,,,
56,570,,,,,,,,
56,590,,,,,,,,
56,610,,,,,,,,
56,630,,,,,,,,
56,650,,,,,,,,
56,670,,,,,,,,
56,690,,,,,,,,
56,730,,,,,,,,
56,750,,,,,,,,
56,770,,,,,,,,
56,790,,,,,,,,
56,810,,,,,,,,
56,830,,,,,,,,
56,850,,,,,,,,
56,870,,,,,,,,
56,890,,,,,,,,
56,910,,,,,,,,
56,930,,,,,,,,
56,950,,,,,,,,
56,970,,,,,,,,
56,990,,,,,,,,
56,1010,,,,,,,,
56,1030,,,,,,,,
56,1050,,,,,,,,
56,1070,,,,,,,,
56,1090,,,,,,,,
25,10,187,0,0,,,2,0,0
25,30,,,,,,,,
,,,,,,,,,
25,90,6215,0,0,0,3,236,0,0
25,110,,,,,,,,
25,130,,,,,,,,
25,150,1743,0,0,0,7,45,0,0
25,170,615,0,0,0,0,7,0,0
25,190,,,,,,,,
25,210,9565,0,0,0,61,17,1,.91629076
25,230,2498,0,0,0,5,74,0,0
25,250,16639,0,0,0,91,67,0,1.3862944
25,270,19138,0,0,0,77,685,0,.69314718
25,290,,,,,,,,
25,310,,,,,,,,
25,330,,,,,,,,
25,350,,,,,,,,
25,370,,,,,,,,
25,390,14510,0,0,0,92,0,32,0
25,410,,,,,,,,
25,430,16169,0,0,1,91,590,0,1.0986123
25,450,8566,0,0,0,70,95,0,0
25,470,,,,,,,,
25,490,9525,0,0,0,60,68,0,0
25,510,,,,,,,,
25,530,,,,,,,,
25,550,15317,0,0,0,82,203,0,.69314718
25,570,,,,,,,,
25,590,10734,3455,0,0,59,355,0,0
25,610,,,,,,,,
25,630,,,,,,,,
25,650,11531,0,0,0,53,1170,0,.69314718
25,670,,,,,,,,
,,,,,,,,,
25,690,,,,,,,,
25,710,3702,0,0,0,7,128,0,0
25,730,508,0,0,0,0,16,0,0
25,750,,,,,,,,
25,770,8641,0,0,0,6,81,0,.69314718
25,790,31077,20061,0,0,71,1187,0,.91629076
25,810,,,,,,,,
25,830,,,,,,,,
25,850,,,,,,,,
25,870,,,,,,,,
25,890,,,,,,,,
25,910,,,,,,,,
25,930,,,,,,,,
25,950,,,,,,,,
25,970,1250,0,0,0,0,67,0,0
25,990,,,,,,,,
25,1010,14973,5107,0,0,74,63,0,0
25,1030,903,0,0,0,3,9,0,0
25,1050,20750,0,0,1,100,283,0,.91629076
25,1070,,,,,,,,
25,1090,624,0,0,0,1,38,0,0
25,1110,4371,0,0,,,17,0,0
25,1130,,,,,,,,
25,1150,,,,,,,,
25,1170,8379,0,0,0,55,1,0,0
25,1190,,,,,,,,
25,1210,,,,,,,,
25,1250,,,,,,,,
25,1270,17862,0,0,0,104,243,0,.91629076
25,1290,,,,,,,,
25,1310,19485,0,0,0,70,163,0,.69314718
25,1330,19258,0,0,0,124,75,0,0
25,1350,,,,,,,,
25,1370,,,,,,,,
25,1390,10167,0,0,0,42,364,0,0
25,1410,,,,,,,,
68,10,,,,,,,,
68,30,,,,,,,,
68,50,,,,,,,,
68,70,,,,,,,,
68,90,,,,,,,,
68,110,,,,,,,,
68,130,,,,,,,,
68,150,,,,,,,,
68,170,,,,,,,,
68,190,,,,,,,,
68,210,,,,,,,,
68,230,,,,,,,,
68,250,,,,,,,,
68,270,,,,,,,,
68,290,,,,,,,,
68,310,,,,,,,,
68,330,,,,,,,,
68,350,,,,,,,,
68,370,,,,,,,,
68,390,,,,,,,,
68,410,,,,,,,,
68,430,,,,,,,,
68,450,,,,,,,,
13,0,,,,,,,,
,,,,,,,,,
,,,,,,,,,
,,,,,,,,,
,,,,,,,,,
,,,,,,,,,
,,,,,,,,,
,,,,,,,,,
,,,,,,,,,
,,,,,,,,,
,,,,,,,,,
,,,,,,,,,
,,,,,,,,,
,,,,,,,,,
,,,,,,,,,
,,,,,,,,,
,,,,,,,,,
,,,,,,,,,
,,,,,,,,,
,,,,,,,,,
,,,,,,,,,
,,,,,,,,,
,,,,,,,,,
,,,,,,,,,
,,,,,,,,,
,,,,,,,,,
,,,,,,,,,
,,,,,,,,,
,,,,,,,,,
,,,,,,,,,
,,,,,,,,,
,,,,,,,,,
,,,,,,,,,
,,,,,,,,,
,,,,,,,,,
,,,,,,,,,
,,,,,,,,,
,,,,,,,,,
,,,,,,,,,
,,,,,,,,,
,,,,,,,,,
,,,,,,,,,
,,,,,,,,,
